complaint_id,txn_id,user_id,merchant_id,merchant_category,reason_category,severity,disputed_amount,transaction_timestamp,reported_timestamp,reporting_delay_days,resolution_status,kyc_status
CBK0001281,TXN00018888,USR60989,MCH6651,Grocery,WRONG_AMOUNT,MEDIUM,18360.4,2026-01-06 16:30:45,2026-04-17 00:00:00,100.31,REJECTED,NO_KYC_RECORD
CBK0001124,TXN00018122,USR32572,MCH5118,Unknown,DUPLICATE_DEBIT,MEDIUM,5694.69,2026-01-24 13:24:19,2026-05-03 00:00:00,98.44,PENDING_BANK,VERIFIED
CBK0000237,TXN00009246,USR74798,MCH5896,Hotels & Lodging,NOT_DELIVERED,LOW,1644.04,2026-01-07 00:00:00,2026-04-12 00:00:00,95.0,PENDING_BANK,NO_KYC_RECORD
CBK0001029,TXN00007595,USR85025,MCH4045,Pharmacy,DUPLICATE_DEBIT,MEDIUM,1638.0,2026-01-02 00:57:25,2026-04-03 06:18:10,91.22,OPEN,NO_KYC_RECORD
CBK0000408,TXN00002581,USR27346,MCH2897,Hotels & Lodging,DUPLICATE_DEBIT,HIGH,2926.63,2026-01-01 00:00:00,2026-03-31 00:46:50,89.03,IN_PROGRESS,NO_KYC_RECORD
CBK0000951,TXN00000025,USR72055,MCH5253,Grocery,NOT_DELIVERED,LOW,1302.18,2026-01-03 00:00:00,2026-03-28 00:00:00,84.0,CLOSED,NO_KYC_RECORD
CBK0000031,TXN00005788,USR57422,MCH5416,Books & Stationery,DUPLICATE_DEBIT,LOW,372.51,2026-01-04 15:18:04,2026-03-29 00:09:09,83.37,RESOLVED,NO_KYC_RECORD
CBK0002427,TXN00003973,USR52661,MCH4055,Restaurants,WRONG_AMOUNT,LOW,2121.87,2026-01-04 00:00:00,2026-03-23 01:55:27,78.08,PENDING_BANK,REJECTED
CBK0000741,TXN00015495,USR94218,MCH4059,Transportation,WRONG_AMOUNT,MEDIUM,448.1,2026-01-20 18:48:07,2026-04-08 09:57:07,77.63,OPEN,VERIFIED
CBK0000101,TXN00010812,USR71905,MCH3632,Pharmacy,DUPLICATE_DEBIT,LOW,3506.0,2026-01-20 19:57:04,2026-04-04 00:00:00,73.17,IN_PROGRESS,NO_KYC_RECORD
CBK0000579,TXN00006902,USR22736,MCH5925,Restaurants,WRONG_AMOUNT,CRITICAL,2179.89,2026-01-25 21:53:57,2026-04-09 00:00:00,73.09,CLOSED,NO_KYC_RECORD
CBK0001644,TXN00015953,USR93447,MCH6727,Unknown,NOT_DELIVERED,LOW,8373.0,2026-01-06 00:00:00,2026-03-20 00:00:00,73.0,REJECTED,NO_KYC_RECORD
CBK0000580,TXN00008617,USR37854,MCH3810,Grocery,DUPLICATE_DEBIT,CRITICAL,4101.67,2026-01-23 00:17:25,2026-04-03 00:00:00,69.99,CLOSED,NO_KYC_RECORD
CBK0002388,TXN00018528,USR50698,MCH4657,Grocery,ACCOUNT_TAKEOVER,MEDIUM,3336.11,2026-01-06 11:59:59,2026-03-14 00:00:00,66.5,RESOLVED,VERIFIED
CBK0000411,TXN00003133,USR24058,MCH9977,Hotels & Lodging,UNAUTHORIZED_TXN,MEDIUM,3287.47,2026-01-15 00:10:02,2026-03-20 00:00:00,63.99,PENDING_BANK,NO_KYC_RECORD
CBK0002041,TXN00015934,USR89876,MCH5553,Grocery,GENERAL_DISPUTE,HIGH,1508.23,2026-01-20 09:12:11,2026-03-24 00:00:00,62.62,CLOSED,NO_KYC_RECORD
CBK0001760,TXN00017025,USR82580,MCH6022,Hotels & Lodging,FRAUD_SUSPECTED,LOW,19735.18,2026-01-21 08:47:00,2026-03-24 23:17:18,62.6,RESOLVED,NO_KYC_RECORD
CBK0001169,TXN00012596,USR35146,MCH8689,Restaurants,FRAUD_SUSPECTED,LOW,1692.85,2026-01-10 23:13:24,2026-03-14 00:00:00,62.03,PENDING_BANK,NO_KYC_RECORD
CBK0000913,TXN00004115,USR13164,MCH3255,Restaurants,UNAUTHORIZED_TXN,MEDIUM,1495.6,2026-01-09 11:25:02,2026-03-12 00:00:00,61.52,REJECTED,NO_KYC_RECORD
CBK0002415,TXN00007375,USR81669,MCH4546,Grocery,GENERAL_DISPUTE,HIGH,4608.0,2026-01-22 07:09:17,2026-03-23 00:00:00,59.7,RESOLVED,NO_KYC_RECORD
CBK0001538,TXN00007658,USR89723,MCH7789,Unknown,GENERAL_DISPUTE,MEDIUM,2100.66,2026-01-11 08:04:52,2026-03-12 00:00:00,59.66,PENDING_BANK,NO_KYC_RECORD
CBK0001406,TXN00010864,USR22156,MCH1058,Transportation,UNAUTHORIZED_TXN,CRITICAL,2891.42,2026-01-23 00:26:24,2026-03-23 04:34:25,59.17,OPEN,NO_KYC_RECORD
CBK0001092,TXN00015253,USR51996,MCH9248,Restaurants,SERVICE_NOT_PROVIDED,LOW,1700.27,2026-01-16 21:26:08,2026-03-17 00:00:00,59.11,PENDING_BANK,VERIFIED
CBK0000142,TXN00017373,USR53625,MCH4084,Grocery,FRAUD_SUSPECTED,MEDIUM,4758.01,2026-01-19 17:50:56,2026-03-17 00:00:00,56.26,IN_PROGRESS,PENDING
CBK0002130,TXN00010659,USR44329,MCH2272,Pharmacy,DUPLICATE_DEBIT,LOW,11158.4,2026-01-24 05:03:20,2026-03-20 00:00:00,54.79,CLOSED,NO_KYC_RECORD
CBK0000985,TXN00016633,USR46471,MCH2587,Pharmacy,UNAUTHORIZED_TXN,HIGH,3329.74,2026-01-11 12:35:32,2026-03-07 00:00:00,54.48,IN_PROGRESS,NO_KYC_RECORD
CBK0000441,TXN00002216,USR36317,MCH2005,Hotels & Lodging,DUPLICATE_DEBIT,LOW,5160.27,2026-01-17 16:29:36,2026-03-12 00:00:00,53.31,REJECTED,REJECTED
CBK0001929,TXN00003276,USR54780,MCH2929,Pharmacy,WRONG_AMOUNT,LOW,5720.73,2026-01-29 01:25:42,2026-03-22 00:00:00,51.94,RESOLVED,VERIFIED
CBK0000636,TXN00018402,USR61095,MCH8526,Restaurants,ACCOUNT_TAKEOVER,LOW,1848.85,2026-01-08 01:49:35,2026-02-27 00:00:00,49.92,CLOSED,NO_KYC_RECORD
CBK0002521,TXN00013602,USR64301,MCH2230,Grocery,FRAUD_SUSPECTED,CRITICAL,2090.68,2026-01-24 03:25:01,2026-03-15 00:00:00,49.86,IN_PROGRESS,VERIFIED
CBK0000418,TXN00003628,USR54758,MCH5288,Grocery,UNAUTHORIZED_TXN,MEDIUM,2430.89,2026-02-14 22:52:38,2026-04-04 06:41:27,48.33,PENDING_BANK,NO_KYC_RECORD
CBK0000300,TXN00002857,USR60350,MCH5084,Hotels & Lodging,NOT_DELIVERED,HIGH,920.19,2026-02-01 00:41:36,2026-03-21 00:00:00,47.97,IN_PROGRESS,REJECTED
CBK0001753,TXN00002207,USR84725,MCH5963,Restaurants,ACCOUNT_TAKEOVER,HIGH,326.69,2026-02-09 06:22:25,2026-03-28 00:00:00,46.73,PENDING_BANK,VERIFIED
CBK0002042,TXN00004367,USR14823,MCH8130,Hotels & Lodging,SERVICE_NOT_PROVIDED,HIGH,2126.85,2026-03-09 00:00:00,2026-04-24 16:40:44,46.69,RESOLVED,NO_KYC_RECORD
CBK0000332,TXN00005378,USR98211,MCH7493,Restaurants,SERVICE_NOT_PROVIDED,MEDIUM,1274.1,2026-03-31 00:00:00,2026-05-16 14:52:28,46.62,OPEN,NO_KYC_RECORD
CBK0000920,TXN00000546,USR29893,MCH6075,Grocery,WRONG_AMOUNT,LOW,427.33,2026-03-02 00:00:00,2026-04-17 13:17:00,46.55,PENDING_BANK,NO_KYC_RECORD
CBK0002034,TXN00014295,USR54427,MCH5067,Grocery,DUPLICATE_DEBIT,LOW,3265.64,2026-02-22 00:00:00,2026-04-09 00:23:56,46.02,RESOLVED,VERIFIED
CBK0000855,TXN00013194,USR61238,MCH9810,Transportation,ACCOUNT_TAKEOVER,MEDIUM,14224.78,2026-01-06 00:00:00,2026-02-21 00:00:00,46.0,PENDING_BANK,VERIFIED
CBK0001653,TXN00008030,USR62989,MCH1195,Transportation,SERVICE_NOT_PROVIDED,MEDIUM,1200.17,2026-02-02 00:00:00,2026-03-20 00:00:00,46.0,RESOLVED,NO_KYC_RECORD
CBK0001909,TXN00015341,USR96684,MCH5451,Grocery,DUPLICATE_DEBIT,MEDIUM,5481.51,2026-02-27 00:00:00,2026-04-14 00:00:00,46.0,IN_PROGRESS,NO_KYC_RECORD
CBK0000700,TXN00001244,USR67624,MCH8663,Grocery,SERVICE_NOT_PROVIDED,MEDIUM,1404.94,2026-02-13 00:00:00,2026-03-31 00:00:00,46.0,IN_PROGRESS,NO_KYC_RECORD
CBK0001186,TXN00018221,USR44018,MCH9051,Telecom,WRONG_AMOUNT,LOW,119.0,2026-01-30 00:00:00,2026-03-17 00:00:00,46.0,OPEN,NO_KYC_RECORD
CBK0000600,TXN00012715,USR59379,MCH8429,Hotels & Lodging,SERVICE_NOT_PROVIDED,HIGH,339.58,2026-03-28 00:00:00,2026-05-13 00:00:00,46.0,PENDING_BANK,NO_KYC_RECORD
CBK0002462,TXN00017340,USR94651,MCH2269,Grocery,UNAUTHORIZED_TXN,LOW,1945.77,2026-02-10 00:00:00,2026-03-28 00:00:00,46.0,PENDING_BANK,NO_KYC_RECORD
CBK0001021,TXN00019145,USR88636,MCH2270,Grocery,DUPLICATE_DEBIT,MEDIUM,10111.0,2026-03-01 00:00:00,2026-04-16 00:00:00,46.0,OPEN,NO_KYC_RECORD
CBK0000829,TXN00017462,USR71853,MCH3568,Department Stores,SERVICE_NOT_PROVIDED,LOW,5757.44,2026-03-18 00:00:00,2026-05-03 00:00:00,46.0,RESOLVED,NO_KYC_RECORD
CBK0001569,TXN00014298,USR45690,MCH6744,Misc Retail,FRAUD_SUSPECTED,MEDIUM,665.91,2026-01-23 00:00:00,2026-03-10 00:00:00,46.0,IN_PROGRESS,NO_KYC_RECORD
CBK0000768,TXN00002926,USR30575,MCH1382,Transportation,GENERAL_DISPUTE,LOW,1432.79,2026-01-03 00:00:00,2026-02-18 00:00:00,46.0,OPEN,NO_KYC_RECORD
CBK0002213,TXN00009870,USR94755,MCH4350,Grocery,NOT_DELIVERED,MEDIUM,12334.0,2026-01-02 00:00:00,2026-02-17 00:00:00,46.0,IN_PROGRESS,REJECTED
CBK0001343,TXN00017045,USR31452,MCH7956,Restaurants,UNAUTHORIZED_TXN,MEDIUM,1409.0,2026-01-20 00:00:00,2026-03-07 00:00:00,46.0,IN_PROGRESS,NO_KYC_RECORD
CBK0000436,TXN00012192,USR89218,MCH8886,Hotels & Lodging,SERVICE_NOT_PROVIDED,MEDIUM,5520.5,2026-02-24 00:00:00,2026-04-11 00:00:00,46.0,PENDING_BANK,NO_KYC_RECORD
CBK0001625,TXN00006214,USR60393,MCH4981,Grocery,GENERAL_DISPUTE,MEDIUM,4111.68,2026-02-13 00:00:00,2026-03-30 23:46:00,45.99,CLOSED,VERIFIED
CBK0002174,,USR75213,MCH2779,Unknown,ACCOUNT_TAKEOVER,MEDIUM,484.07,2026-02-28 00:00:00,2026-04-14 23:11:36,45.97,CLOSED,NO_KYC_RECORD
CBK0001519,TXN00000459,USR52806,MCH5169,Pharmacy,GENERAL_DISPUTE,HIGH,8278.26,2026-01-05 01:52:09,2026-02-20 00:52:09,45.96,PENDING_BANK,NO_KYC_RECORD
CBK0000778,TXN00004797,USR35227,MCH5909,Transportation,UNAUTHORIZED_TXN,MEDIUM,3784.33,2026-01-12 03:41:00,2026-02-27 00:00:00,45.85,RESOLVED,NO_KYC_RECORD
CBK0001656,TXN00014355,USR25818,MCH1907,Pharmacy,DUPLICATE_DEBIT,LOW,842.31,2026-03-31 00:00:00,2026-05-15 19:24:00,45.81,OPEN,NO_KYC_RECORD
CBK0001309,TXN00001777,USR22237,MCH4189,Grocery,UNAUTHORIZED_TXN,MEDIUM,6040.0,2026-03-13 00:00:00,2026-04-27 18:23:00,45.77,CLOSED,VERIFIED
CBK0002756,TXN00003850,USR75409,MCH4148,Grocery,DUPLICATE_DEBIT,LOW,5978.59,2026-03-06 00:00:00,2026-04-20 18:06:08,45.75,REJECTED,VERIFIED
CBK0002342,TXN00018954,USR14891,MCH9338,Restaurants,SERVICE_NOT_PROVIDED,HIGH,3630.2,2026-01-21 00:00:00,2026-03-07 18:04:46,45.75,REJECTED,VERIFIED
CBK0002711,TXN00042233,USR31712,MCH3819,Misc Retail,DUPLICATE_DEBIT,HIGH,,2026-03-10 00:00:00,2026-04-24 16:53:03,45.7,CLOSED,NO_KYC_RECORD
CBK0001116,TXN00080108,USR56399,MCH3406,Department Stores,NOT_DELIVERED,HIGH,1189.65,2026-02-05 00:00:00,2026-03-22 14:28:00,45.6,IN_PROGRESS,VERIFIED
CBK0001280,TXN00012568,USR61561,MCH4619,Grocery,GENERAL_DISPUTE,LOW,15086.0,2026-01-16 00:00:00,2026-03-02 14:03:49,45.59,OPEN,NO_KYC_RECORD
CBK0000955,,USR66359,MCH2992,Unknown,NOT_DELIVERED,LOW,1214.33,2026-03-04 00:00:00,2026-04-18 12:26:19,45.52,OPEN,NO_KYC_RECORD
CBK0000719,TXN00008362,USR43558,MCH9577,Restaurants,NOT_DELIVERED,LOW,716.05,2026-03-23 00:00:00,2026-05-07 11:49:41,45.49,IN_PROGRESS,VERIFIED
CBK0000497,TXN00001489,USR25765,MCH5901,Grocery,NOT_DELIVERED,HIGH,6345.72,2026-03-22 14:52:27,2026-05-07 01:52:00,45.46,RESOLVED,NO_KYC_RECORD
CBK0001739,TXN00013116,USR42202,MCH4995,Pharmacy,SERVICE_NOT_PROVIDED,MEDIUM,1464.53,2026-01-07 13:26:12,2026-02-22 00:00:00,45.44,CLOSED,VERIFIED
CBK0000732,TXN00004610,USR80098,MCH3767,Pharmacy,FRAUD_SUSPECTED,MEDIUM,5879.13,2026-01-01 22:58:19,2026-02-16 08:58:00,45.42,RESOLVED,VERIFIED
CBK0002419,TXN00008154,USR76911,MCH2588,Grocery,NOT_DELIVERED,MEDIUM,1654.89,2026-02-25 14:30:00,2026-04-12 00:00:00,45.4,OPEN,NO_KYC_RECORD
CBK0000303,TXN00015469,USR56539,MCH2620,Grocery,DUPLICATE_DEBIT,MEDIUM,18523.03,2026-01-11 14:40:00,2026-02-26 00:00:00,45.39,IN_PROGRESS,NO_KYC_RECORD
CBK0001181,TXN00009419,USR19402,MCH6788,Pharmacy,NOT_DELIVERED,LOW,16164.46,2026-03-06 15:17:00,2026-04-21 00:00:00,45.36,IN_PROGRESS,REJECTED
CBK0001749,TXN00000318,USR62190,MCH2059,Grocery,GENERAL_DISPUTE,LOW,4340.63,2026-01-29 15:34:00,2026-03-16 00:00:00,45.35,OPEN,NO_KYC_RECORD
CBK0000329,TXN00014927,USR75439,MCH2484,Transportation,FRAUD_SUSPECTED,MEDIUM,23395.64,2026-01-29 17:56:00,2026-03-16 00:00:00,45.25,OPEN,NO_KYC_RECORD
CBK0001050,TXN00010429,USR23730,MCH6973,Grocery,DUPLICATE_DEBIT,LOW,4066.0,2026-03-18 20:21:00,2026-05-03 00:00:00,45.15,IN_PROGRESS,NO_KYC_RECORD
CBK0002227,TXN00097124,USR21632,MCH9291,Department Stores,DUPLICATE_DEBIT,HIGH,1596.33,2026-02-25 20:48:05,2026-04-12 00:00:00,45.13,RESOLVED,NO_KYC_RECORD
CBK0001944,TXN00005059,USR53351,MCH9116,Pharmacy,WRONG_AMOUNT,CRITICAL,4128.34,2026-03-10 22:25:51,2026-04-25 00:00:00,45.07,OPEN,VERIFIED
CBK0002184,TXN00015679,USR59989,MCH1527,Grocery,WRONG_AMOUNT,LOW,221.0,2026-01-10 22:44:00,2026-02-25 00:00:00,45.05,REJECTED,NO_KYC_RECORD
CBK0000200,TXN00015054,USR49210,MCH1782,Grocery,UNAUTHORIZED_TXN,MEDIUM,6049.12,2026-03-20 00:00:00,2026-05-04 00:00:00,45.0,IN_PROGRESS,NO_KYC_RECORD
CBK0000127,TXN00007654,USR61968,MCH9152,Restaurants,DUPLICATE_DEBIT,MEDIUM,1028.53,2026-03-06 00:00:00,2026-04-20 00:00:00,45.0,PENDING_BANK,VERIFIED
CBK0000787,TXN00015064,USR42927,MCH4436,Hotels & Lodging,DUPLICATE_DEBIT,MEDIUM,981.9,2026-02-03 00:00:00,2026-03-20 00:00:00,45.0,IN_PROGRESS,NO_KYC_RECORD
CBK0002235,TXN00009348,USR36254,MCH7436,Pharmacy,DUPLICATE_DEBIT,LOW,2309.36,2026-03-17 00:00:00,2026-05-01 00:00:00,45.0,IN_PROGRESS,NO_KYC_RECORD
CBK0001779,TXN00006263,USR54909,MCH9108,Pharmacy,GENERAL_DISPUTE,LOW,843.91,2026-02-22 00:00:00,2026-04-08 00:00:00,45.0,CLOSED,VERIFIED
CBK0001278,TXN00008385,USR35589,MCH3818,Restaurants,GENERAL_DISPUTE,LOW,1944.27,2026-02-20 00:00:00,2026-04-06 00:00:00,45.0,RESOLVED,NO_KYC_RECORD
CBK0000390,TXN00006356,USR88512,MCH3158,Grocery,GENERAL_DISPUTE,LOW,344.33,2026-03-23 00:00:00,2026-05-07 00:00:00,45.0,RESOLVED,NO_KYC_RECORD
CBK0002343,TXN00015911,USR57660,MCH5262,Unknown,DUPLICATE_DEBIT,HIGH,1701.23,2026-02-16 00:00:00,2026-04-02 00:00:00,45.0,REJECTED,PENDING
CBK0002778,TXN00034155,USR63286,MCH5795,Hotels & Lodging,NOT_DELIVERED,MEDIUM,736.99,2026-03-31 00:00:00,2026-05-15 00:00:00,45.0,PENDING_BANK,NO_KYC_RECORD
CBK0000749,TXN00006304,USR73347,MCH7853,Restaurants,GENERAL_DISPUTE,CRITICAL,4194.32,2026-01-09 00:00:00,2026-02-23 00:00:00,45.0,IN_PROGRESS,NO_KYC_RECORD
CBK0001024,TXN00012992,USR16470,MCH5550,Pharmacy,UNAUTHORIZED_TXN,LOW,1617.78,2026-02-16 00:00:00,2026-04-02 00:00:00,45.0,IN_PROGRESS,NO_KYC_RECORD
CBK0001880,TXN00013813,USR26668,MCH4809,Grocery,FRAUD_SUSPECTED,MEDIUM,7819.51,2026-01-21 00:00:00,2026-03-07 00:00:00,45.0,REJECTED,NO_KYC_RECORD
CBK0002044,TXN00012234,USR25791,MCH9562,Unknown,UNAUTHORIZED_TXN,CRITICAL,1786.57,2026-02-25 00:00:00,2026-04-11 00:00:00,45.0,PENDING_BANK,NO_KYC_RECORD
CBK0001674,TXN00013171,USR39123,MCH4986,Unknown,ACCOUNT_TAKEOVER,HIGH,1091.17,2026-02-27 00:19:00,2026-04-13 00:00:00,44.99,IN_PROGRESS,VERIFIED
CBK0001735,TXN00017962,USR76476,MCH5215,Restaurants,WRONG_AMOUNT,LOW,2741.61,2026-01-13 03:38:00,2026-02-27 00:00:00,44.85,PENDING_BANK,NO_KYC_RECORD
CBK0000591,TXN00011869,USR45826,MCH7045,Grocery,WRONG_AMOUNT,CRITICAL,8004.21,2026-01-16 05:31:00,2026-03-02 00:00:00,44.77,CLOSED,NO_KYC_RECORD
CBK0000165,TXN00013500,USR20190,MCH6523,Grocery,DUPLICATE_DEBIT,LOW,3214.54,2026-01-23 09:33:00,2026-03-09 00:00:00,44.6,OPEN,NO_KYC_RECORD
CBK0002554,TXN00000914,USR20929,MCH8365,Grocery,NOT_DELIVERED,HIGH,1207.28,2026-02-08 11:30:00,2026-03-25 00:00:00,44.52,OPEN,NO_KYC_RECORD
CBK0002001,TXN00008475,USR64746,MCH6927,Grocery,GENERAL_DISPUTE,MEDIUM,877.69,2026-03-03 13:24:10,2026-04-17 00:00:00,44.44,CLOSED,NO_KYC_RECORD
CBK0002509,TXN00002022,USR33647,MCH5134,Restaurants,UNAUTHORIZED_TXN,HIGH,7834.45,2026-01-09 06:54:48,2026-02-22 16:14:00,44.39,RESOLVED,NO_KYC_RECORD
CBK0001951,TXN00007053,USR47712,MCH1007,Hotels & Lodging,WRONG_AMOUNT,HIGH,3545.44,2026-03-26 16:44:00,2026-05-10 00:00:00,44.3,CLOSED,NO_KYC_RECORD
CBK0002414,TXN00000503,USR33758,MCH7518,Unknown,DUPLICATE_DEBIT,HIGH,325.93,2026-03-04 16:57:39,2026-04-18 00:00:00,44.29,OPEN,VERIFIED
CBK0000574,TXN00011825,USR42023,MCH5762,Grocery,DUPLICATE_DEBIT,LOW,3123.85,2026-01-26 18:02:00,2026-03-12 00:00:00,44.25,IN_PROGRESS,NO_KYC_RECORD
CBK0000005,TXN00018300,USR50732,MCH6688,Grocery,FRAUD_SUSPECTED,LOW,3125.63,2026-03-23 18:36:28,2026-05-07 00:00:00,44.22,IN_PROGRESS,VERIFIED
CBK0000562,TXN00003828,USR37969,MCH5751,Grocery,UNAUTHORIZED_TXN,LOW,1594.84,2026-02-15 13:59:31,2026-03-31 19:03:00,44.21,PENDING_BANK,NO_KYC_RECORD
CBK0002595,TXN00006136,USR15168,MCH6553,Grocery,NOT_DELIVERED,LOW,3785.87,2026-01-01 10:58:59,2026-02-14 00:00:00,43.54,IN_PROGRESS,NO_KYC_RECORD
CBK0002032,TXN00017675,USR59412,MCH3265,Restaurants,ACCOUNT_TAKEOVER,MEDIUM,14260.28,2026-02-03 01:18:22,2026-03-17 08:41:11,42.31,IN_PROGRESS,VERIFIED
CBK0000683,TXN00017581,USR24980,MCH5725,Transportation,NOT_DELIVERED,LOW,12534.15,2026-01-09 00:00:00,2026-02-19 12:11:31,41.51,REJECTED,NO_KYC_RECORD
CBK0001075,TXN00013358,USR22302,MCH7550,Unknown,NOT_DELIVERED,LOW,2097.39,2026-01-16 16:07:38,2026-02-27 00:00:00,41.33,REJECTED,VERIFIED
CBK0000105,TXN00004321,USR74272,MCH7649,Unknown,NOT_DELIVERED,LOW,2032.79,2026-02-14 23:00:55,2026-03-27 00:00:00,40.04,OPEN,PENDING
CBK0001916,TXN00005518,USR78743,MCH1212,Grocery,FRAUD_SUSPECTED,LOW,4245.22,2026-02-13 08:43:23,2026-03-25 00:00:00,39.64,REJECTED,VERIFIED
CBK0002305,TXN00008366,USR29842,MCH9183,Restaurants,FRAUD_SUSPECTED,HIGH,1671.34,2026-01-24 04:24:46,2026-03-04 00:00:00,38.82,CLOSED,NO_KYC_RECORD
CBK0000301,TXN00016908,USR90514,MCH9057,Books & Stationery,ACCOUNT_TAKEOVER,LOW,2938.45,2026-02-15 23:07:27,2026-03-26 00:00:00,38.04,IN_PROGRESS,NO_KYC_RECORD
CBK0001283,TXN00002013,USR91537,MCH5761,Restaurants,UNAUTHORIZED_TXN,MEDIUM,439.0,2026-01-25 17:56:10,2026-03-04 02:59:29,37.38,REJECTED,NO_KYC_RECORD
CBK0000952,TXN00013323,USR11584,MCH6409,Apparel,NOT_DELIVERED,MEDIUM,1986.27,2026-03-17 22:14:49,2026-04-24 00:00:00,37.07,OPEN,VERIFIED
CBK0001808,TXN00004140,USR30097,MCH2393,Grocery,GENERAL_DISPUTE,CRITICAL,378.0,2026-01-09 05:21:51,2026-02-14 00:00:00,35.78,IN_PROGRESS,NO_KYC_RECORD
CBK0001620,TXN00013592,USR46429,MCH2042,Hotels & Lodging,SERVICE_NOT_PROVIDED,LOW,1528.43,2026-01-03 07:58:43,2026-02-08 00:00:00,35.67,CLOSED,NO_KYC_RECORD
CBK0000220,TXN00009971,USR21910,MCH9520,Grocery,FRAUD_SUSPECTED,LOW,4849.0,2026-01-26 08:45:45,2026-03-03 00:00:00,35.63,IN_PROGRESS,NO_KYC_RECORD
CBK0000427,TXN00013526,USR84271,MCH3662,Pharmacy,UNAUTHORIZED_TXN,CRITICAL,1210.19,2026-02-21 17:50:37,2026-03-29 00:00:00,35.26,RESOLVED,VERIFIED
CBK0001404,TXN00003881,USR94603,MCH1375,Transportation,UNAUTHORIZED_TXN,MEDIUM,12565.66,2026-02-17 09:51:34,2026-03-23 06:15:00,33.85,IN_PROGRESS,REJECTED
CBK0001304,TXN00017396,USR96000,MCH9309,Restaurants,FRAUD_SUSPECTED,HIGH,642.07,2026-02-13 07:37:22,2026-03-18 00:00:00,32.68,IN_PROGRESS,NO_KYC_RECORD
CBK0001521,TXN00010065,USR29798,MCH1152,Grocery,NOT_DELIVERED,LOW,4146.46,2026-02-14 00:00:00,2026-03-17 18:07:42,31.76,CLOSED,NO_KYC_RECORD
CBK0000852,TXN00010668,USR58569,MCH8410,Grocery,UNAUTHORIZED_TXN,MEDIUM,1305.45,2026-03-06 00:00:00,2026-04-06 15:52:29,31.66,PENDING_BANK,NO_KYC_RECORD
CBK0000198,TXN00019042,USR78840,MCH5825,Books & Stationery,FRAUD_SUSPECTED,MEDIUM,1241.09,2026-02-22 00:00:00,2026-03-25 15:25:13,31.64,CLOSED,NO_KYC_RECORD
CBK0002123,TXN00015926,USR26546,MCH2884,Books & Stationery,NOT_DELIVERED,MEDIUM,851.0,2026-02-08 23:03:27,2026-03-12 14:21:21,31.64,IN_PROGRESS,NO_KYC_RECORD
CBK0001426,TXN00002655,USR34238,MCH6711,Grocery,DUPLICATE_DEBIT,MEDIUM,338.23,2026-01-14 00:00:00,2026-02-14 13:03:15,31.54,IN_PROGRESS,NO_KYC_RECORD
CBK0000115,TXN00000541,USR54951,MCH1772,Transportation,GENERAL_DISPUTE,LOW,1346.0,2026-02-20 00:00:00,2026-03-23 03:31:09,31.15,RESOLVED,NO_KYC_RECORD
CBK0000426,TXN00001222,USR79916,MCH2689,Restaurants,SERVICE_NOT_PROVIDED,MEDIUM,10359.87,2026-01-13 00:00:00,2026-02-13 02:39:13,31.11,OPEN,NO_KYC_RECORD
CBK0001288,TXN00038794,USR82920,MCH5755,Unknown,WRONG_AMOUNT,HIGH,1144.0,2026-03-10 00:00:00,2026-04-10 02:16:42,31.09,OPEN,NO_KYC_RECORD
CBK0000905,TXN00003495,USR18542,MCH9853,Pharmacy,NOT_DELIVERED,LOW,2983.97,2026-01-08 00:00:00,2026-02-08 00:07:18,31.01,PENDING_BANK,NO_KYC_RECORD
CBK0000290,TXN00000426,USR64664,MCH7109,Hotels & Lodging,GENERAL_DISPUTE,MEDIUM,13742.73,2026-03-10 00:00:00,2026-04-10 00:00:00,31.0,REJECTED,NO_KYC_RECORD
CBK0000316,TXN00016400,USR65826,MCH4243,Transportation,WRONG_AMOUNT,MEDIUM,1616.81,2026-03-18 00:00:00,2026-04-18 00:00:00,31.0,RESOLVED,PENDING
CBK0002006,TXN00008821,USR57173,MCH7097,Transportation,FRAUD_SUSPECTED,LOW,2136.49,2026-02-21 00:00:00,2026-03-24 00:00:00,31.0,IN_PROGRESS,VERIFIED
CBK0001571,TXN00006558,USR11063,MCH4074,Hotels & Lodging,GENERAL_DISPUTE,MEDIUM,673.61,2026-03-26 00:00:00,2026-04-26 00:00:00,31.0,RESOLVED,NO_KYC_RECORD
CBK0002447,TXN00012629,USR33077,MCH4118,Grocery,NOT_DELIVERED,MEDIUM,3056.74,2026-02-13 00:00:00,2026-03-16 00:00:00,31.0,OPEN,NO_KYC_RECORD
CBK0002506,TXN00002955,USR66919,MCH4788,Hotels & Lodging,UNAUTHORIZED_TXN,LOW,4857.63,2026-03-28 00:00:00,2026-04-28 00:00:00,31.0,RESOLVED,VERIFIED
CBK0001174,TXN00005857,USR31527,MCH5405,Hotels & Lodging,WRONG_AMOUNT,LOW,244.97,2026-02-17 00:00:00,2026-03-20 00:00:00,31.0,IN_PROGRESS,NO_KYC_RECORD
CBK0000038,TXN00016138,USR24271,MCH9776,Restaurants,DUPLICATE_DEBIT,LOW,2973.45,2026-02-15 00:00:00,2026-03-18 00:00:00,31.0,PENDING_BANK,VERIFIED
CBK0002753,TXN00006756,USR60836,MCH7992,Grocery,SERVICE_NOT_PROVIDED,MEDIUM,988.98,2026-03-28 00:00:00,2026-04-28 00:00:00,31.0,PENDING_BANK,NO_KYC_RECORD
CBK0000317,TXN00005496,USR74563,MCH4434,Restaurants,NOT_DELIVERED,MEDIUM,8351.08,2026-02-22 00:00:00,2026-03-25 00:00:00,31.0,RESOLVED,NO_KYC_RECORD
CBK0000923,TXN00094657,USR35229,MCH1505,Unknown,WRONG_AMOUNT,HIGH,2556.0,2026-03-23 00:00:00,2026-04-23 00:00:00,31.0,CLOSED,NO_KYC_RECORD
CBK0002685,TXN00018738,USR99510,MCH3724,Unknown,DUPLICATE_DEBIT,LOW,1179.22,2026-02-10 00:00:00,2026-03-13 00:00:00,31.0,PENDING_BANK,NO_KYC_RECORD
CBK0001988,TXN00011416,USR32332,MCH6004,Hotels & Lodging,NOT_DELIVERED,HIGH,648.02,2026-02-02 00:00:00,2026-03-05 00:00:00,31.0,REJECTED,NO_KYC_RECORD
CBK0001618,TXN00015125,USR78417,MCH9070,Grocery,ACCOUNT_TAKEOVER,MEDIUM,967.0,2026-03-28 00:00:00,2026-04-28 00:00:00,31.0,IN_PROGRESS,VERIFIED
CBK0000856,TXN00000917,USR23090,MCH6752,Unknown,WRONG_AMOUNT,LOW,2601.86,2026-03-16 00:00:00,2026-04-16 00:00:00,31.0,PENDING_BANK,NO_KYC_RECORD
CBK0002599,TXN00015427,USR86386,MCH8217,Hotels & Lodging,FRAUD_SUSPECTED,MEDIUM,1089.6,2026-03-04 00:00:00,2026-04-04 00:00:00,31.0,OPEN,NO_KYC_RECORD
CBK0001072,TXN00006554,USR91797,MCH4319,Restaurants,SERVICE_NOT_PROVIDED,MEDIUM,4172.97,2026-01-11 00:00:00,2026-02-11 00:00:00,31.0,IN_PROGRESS,NO_KYC_RECORD
CBK0001617,TXN00001553,USR97571,MCH3520,Apparel,SERVICE_NOT_PROVIDED,CRITICAL,5796.41,2026-01-08 00:00:00,2026-02-08 00:00:00,31.0,PENDING_BANK,NO_KYC_RECORD
CBK0000597,TXN00012105,USR62385,MCH7681,Transportation,DUPLICATE_DEBIT,LOW,1866.96,2026-02-07 00:00:00,2026-03-10 00:00:00,31.0,IN_PROGRESS,NO_KYC_RECORD
CBK0000707,TXN00009174,USR24736,MCH9934,Grocery,SERVICE_NOT_PROVIDED,LOW,3544.0,2026-03-28 00:00:00,2026-04-28 00:00:00,31.0,IN_PROGRESS,VERIFIED
CBK0002056,TXN00003732,USR82174,MCH7131,Transportation,UNAUTHORIZED_TXN,CRITICAL,5678.98,2026-03-03 00:00:00,2026-04-03 00:00:00,31.0,RESOLVED,NO_KYC_RECORD
CBK0001943,TXN00000649,USR93416,MCH1457,Grocery,NOT_DELIVERED,MEDIUM,1174.17,2026-03-13 00:00:00,2026-04-13 00:00:00,31.0,IN_PROGRESS,PENDING
CBK0002718,TXN00013934,USR77709,MCH5422,Hotels & Lodging,ACCOUNT_TAKEOVER,LOW,7727.87,2026-02-20 00:00:00,2026-03-22 23:15:17,30.97,OPEN,NO_KYC_RECORD
CBK0001810,TXN00004960,USR10441,MCH9322,Department Stores,SERVICE_NOT_PROVIDED,LOW,1327.87,2026-03-28 00:00:00,2026-04-27 22:27:53,30.94,CLOSED,NO_KYC_RECORD
CBK0001064,TXN00016822,USR49592,MCH6560,Grocery,UNAUTHORIZED_TXN,LOW,3058.22,2026-01-19 01:40:00,2026-02-19 00:00:00,30.93,IN_PROGRESS,NO_KYC_RECORD
CBK0001051,TXN00007915,USR45945,MCH8813,Pharmacy,UNAUTHORIZED_TXN,CRITICAL,1789.71,2026-02-10 03:04:00,2026-03-13 00:00:00,30.87,RESOLVED,VERIFIED
CBK0002210,TXN00005430,USR97643,MCH5475,Unknown,UNAUTHORIZED_TXN,MEDIUM,1006.88,2026-02-28 17:08:00,2026-03-31 13:08:00,30.83,PENDING_BANK,NO_KYC_RECORD
CBK0001888,TXN00004061,USR12146,MCH2121,Restaurants,GENERAL_DISPUTE,LOW,2090.0,2026-02-10 00:00:00,2026-03-12 18:31:00,30.77,CLOSED,IN_REVIEW
CBK0002264,TXN00001289,USR23115,MCH5427,Unknown,NOT_DELIVERED,CRITICAL,201.03,2026-02-26 00:00:00,2026-03-28 17:35:00,30.73,PENDING_BANK,NO_KYC_RECORD
CBK0001267,TXN00003341,USR37143,MCH8010,Hotels & Lodging,WRONG_AMOUNT,LOW,635.0,2026-02-24 00:00:00,2026-03-26 17:11:59,30.72,REJECTED,REJECTED
CBK0000624,TXN00000969,USR74983,MCH8275,Grocery,GENERAL_DISPUTE,MEDIUM,6622.0,2026-03-19 07:40:40,2026-04-19 00:00:00,30.68,IN_PROGRESS,PENDING
CBK0002353,TXN00017005,USR37155,MCH5743,Unknown,NOT_DELIVERED,MEDIUM,10880.54,2026-03-01 06:38:00,2026-03-31 21:38:30,30.63,OPEN,NO_KYC_RECORD
CBK0000846,TXN00018851,USR23547,MCH8484,Grocery,GENERAL_DISPUTE,HIGH,2087.83,2026-03-18 00:00:00,2026-04-17 14:56:00,30.62,PENDING_BANK,NO_KYC_RECORD
CBK0001564,TXN00001739,USR51488,MCH9526,Hotels & Lodging,DUPLICATE_DEBIT,LOW,482.37,2026-02-04 00:00:00,2026-03-06 14:33:00,30.61,IN_PROGRESS,REJECTED
CBK0001396,TXN00008851,USR22260,MCH4548,Transportation,DUPLICATE_DEBIT,MEDIUM,1383.51,2026-03-28 00:00:00,2026-04-27 12:50:00,30.53,REJECTED,VERIFIED
CBK0001500,TXN00004113,USR78300,MCH2519,Restaurants,SERVICE_NOT_PROVIDED,HIGH,1173.86,2026-03-14 11:50:00,2026-04-14 00:00:00,30.51,CLOSED,VERIFIED
CBK0001967,TXN00004164,USR35383,MCH6418,Transportation,UNAUTHORIZED_TXN,MEDIUM,3142.0,2026-01-22 12:01:00,2026-02-22 00:00:00,30.5,OPEN,VERIFIED
CBK0000959,TXN00011129,USR38968,MCH8894,Grocery,UNAUTHORIZED_TXN,MEDIUM,4888.42,2026-02-07 00:00:00,2026-03-09 11:52:00,30.49,CLOSED,NO_KYC_RECORD
CBK0000282,TXN00016877,USR28694,MCH3471,Unknown,SERVICE_NOT_PROVIDED,MEDIUM,3046.01,2026-03-10 18:14:00,2026-04-10 05:14:49,30.46,RESOLVED,NO_KYC_RECORD
CBK0000394,TXN00000779,USR13400,MCH7030,Grocery,DUPLICATE_DEBIT,MEDIUM,4511.29,2026-02-03 13:21:00,2026-03-06 00:00:00,30.44,IN_PROGRESS,NO_KYC_RECORD
CBK0002586,TXN00016107,USR82867,MCH3899,Transportation,GENERAL_DISPUTE,LOW,800.72,2026-03-15 00:00:00,2026-04-14 10:20:30,30.43,OPEN,NO_KYC_RECORD
CBK0002709,TXN00003581,USR57411,MCH9539,Transportation,UNAUTHORIZED_TXN,MEDIUM,3616.02,2026-01-27 00:00:00,2026-02-26 10:26:00,30.43,IN_PROGRESS,REJECTED
CBK0001897,TXN00008189,USR53813,MCH5272,Restaurants,DUPLICATE_DEBIT,MEDIUM,577.55,2026-01-10 00:00:00,2026-02-09 09:59:00,30.42,IN_PROGRESS,NO_KYC_RECORD
CBK0000911,TXN00002114,USR34672,MCH3513,Grocery,ACCOUNT_TAKEOVER,LOW,4126.61,2026-01-26 14:20:00,2026-02-26 00:00:00,30.4,REJECTED,NO_KYC_RECORD
CBK0000028,TXN00005785,USR97837,MCH6266,Restaurants,DUPLICATE_DEBIT,MEDIUM,222.95,2026-02-03 15:28:00,2026-03-06 00:28:00,30.38,CLOSED,NO_KYC_RECORD
CBK0000987,TXN00003201,USR15771,MCH4074,Transportation,UNAUTHORIZED_TXN,LOW,993.95,2026-02-03 15:38:55,2026-03-05 23:38:00,30.33,REJECTED,REJECTED
CBK0002770,TXN00013498,USR83535,MCH2400,Transportation,UNAUTHORIZED_TXN,LOW,469.12,2026-01-05 17:13:36,2026-02-05 00:00:00,30.28,PENDING_BANK,NO_KYC_RECORD
CBK0002323,,USR71935,MCH3538,Unknown,UNAUTHORIZED_TXN,LOW,2538.09,2026-02-07 00:00:00,2026-03-09 06:02:09,30.25,IN_PROGRESS,VERIFIED
CBK0000451,TXN00007457,USR52102,MCH4434,Transportation,GENERAL_DISPUTE,MEDIUM,838.9,2026-01-10 08:18:00,2026-02-09 13:18:00,30.21,IN_PROGRESS,NO_KYC_RECORD
CBK0001411,TXN00011455,USR81301,MCH7682,Restaurants,FRAUD_SUSPECTED,LOW,3012.1,2026-02-02 22:05:00,2026-03-05 00:00:00,30.08,OPEN,NO_KYC_RECORD
CBK0001433,TXN00011103,USR74446,MCH1934,Transportation,DUPLICATE_DEBIT,LOW,5968.43,2026-01-02 23:19:14,2026-02-02 00:00:00,30.03,RESOLVED,NO_KYC_RECORD
CBK0001454,TXN00011270,USR64029,MCH4768,Restaurants,ACCOUNT_TAKEOVER,MEDIUM,2315.0,2026-01-12 23:29:29,2026-02-12 00:00:00,30.02,PENDING_BANK,VERIFIED
CBK0002196,TXN00010149,USR62069,MCH5110,Pharmacy,UNAUTHORIZED_TXN,CRITICAL,21450.22,2026-02-28 00:00:00,2026-03-30 00:00:00,30.0,IN_PROGRESS,NO_KYC_RECORD
CBK0002551,TXN00011968,USR33039,MCH7459,Grocery,UNAUTHORIZED_TXN,MEDIUM,4809.04,2026-02-12 00:00:00,2026-03-14 00:00:00,30.0,IN_PROGRESS,NO_KYC_RECORD
CBK0000123,TXN00016267,USR30438,MCH3232,Hotels & Lodging,UNAUTHORIZED_TXN,HIGH,1756.0,2026-02-05 00:00:00,2026-03-07 00:00:00,30.0,RESOLVED,NO_KYC_RECORD
CBK0002135,TXN00017607,USR82916,MCH2149,Grocery,UNAUTHORIZED_TXN,LOW,291.0,2026-02-09 00:00:00,2026-03-11 00:00:00,30.0,OPEN,VERIFIED
CBK0000023,TXN00001464,USR54217,MCH6682,Grocery,NOT_DELIVERED,MEDIUM,1112.83,2026-03-14 00:00:00,2026-04-13 00:00:00,30.0,RESOLVED,VERIFIED
CBK0001091,TXN00003670,USR50153,MCH4386,Restaurants,DUPLICATE_DEBIT,LOW,2583.29,2026-01-07 00:00:00,2026-02-06 00:00:00,30.0,REJECTED,NO_KYC_RECORD
CBK0000344,TXN00018344,USR41135,MCH7517,Apparel,FRAUD_SUSPECTED,HIGH,9060.0,2026-02-05 00:00:00,2026-03-07 00:00:00,30.0,CLOSED,VERIFIED
CBK0002157,TXN00010666,USR29579,MCH8357,Hotels & Lodging,WRONG_AMOUNT,LOW,1349.33,2026-02-07 00:00:00,2026-03-09 00:00:00,30.0,CLOSED,VERIFIED
CBK0002269,TXN00002609,USR19884,MCH8715,Transportation,WRONG_AMOUNT,MEDIUM,3155.0,2026-03-06 00:00:00,2026-04-05 00:00:00,30.0,IN_PROGRESS,NO_KYC_RECORD
CBK0002237,TXN00001882,USR72472,MCH5320,Grocery,DUPLICATE_DEBIT,MEDIUM,2264.22,2026-03-28 00:00:00,2026-04-27 00:00:00,30.0,CLOSED,NO_KYC_RECORD
CBK0001427,TXN00019824,USR23317,MCH6831,Pharmacy,SERVICE_NOT_PROVIDED,CRITICAL,755.08,2026-01-06 00:00:00,2026-02-05 00:00:00,30.0,REJECTED,NO_KYC_RECORD
CBK0001895,TXN00015855,USR63589,MCH7273,Grocery,GENERAL_DISPUTE,MEDIUM,3458.58,2026-01-20 00:00:00,2026-02-19 00:00:00,30.0,RESOLVED,VERIFIED
CBK0002750,TXN00013670,USR13957,MCH5761,Unknown,DUPLICATE_DEBIT,MEDIUM,4375.63,2026-02-11 00:00:00,2026-03-13 00:00:00,30.0,REJECTED,NO_KYC_RECORD
CBK0001223,,USR85507,MCH1883,Restaurants,UNAUTHORIZED_TXN,LOW,1472.04,2026-03-04 00:00:00,2026-04-03 00:00:00,30.0,PENDING_BANK,NO_KYC_RECORD
CBK0001541,TXN00011858,USR63885,MCH2942,Transportation,DUPLICATE_DEBIT,MEDIUM,7857.66,2026-03-08 00:00:00,2026-04-07 00:00:00,30.0,OPEN,NO_KYC_RECORD
CBK0001507,TXN00014680,USR30280,MCH8881,Hotels & Lodging,WRONG_AMOUNT,LOW,6017.37,2026-01-29 00:00:00,2026-02-28 00:00:00,30.0,REJECTED,NO_KYC_RECORD
CBK0000047,TXN00074133,USR46927,MCH2711,Unknown,WRONG_AMOUNT,MEDIUM,546.0,2026-03-27 00:00:00,2026-04-26 00:00:00,30.0,OPEN,NO_KYC_RECORD
CBK0001007,TXN00014381,USR58059,MCH8756,Grocery,FRAUD_SUSPECTED,HIGH,1523.0,2026-01-11 00:00:00,2026-02-10 00:00:00,30.0,RESOLVED,NO_KYC_RECORD
CBK0000848,TXN00000823,USR51195,MCH2334,Grocery,FRAUD_SUSPECTED,LOW,1982.27,2026-03-30 00:00:00,2026-04-29 00:00:00,30.0,RESOLVED,NO_KYC_RECORD
CBK0001481,TXN00001735,USR56111,MCH9126,Grocery,SERVICE_NOT_PROVIDED,MEDIUM,3084.74,2026-02-26 00:00:00,2026-03-28 00:00:00,30.0,CLOSED,REJECTED
CBK0000186,TXN00016957,USR72629,MCH6835,Restaurants,ACCOUNT_TAKEOVER,LOW,1444.28,2026-03-17 00:00:00,2026-04-16 00:00:00,30.0,RESOLVED,NO_KYC_RECORD
CBK0000752,TXN00012584,USR72162,MCH6969,Transportation,GENERAL_DISPUTE,LOW,397.91,2026-01-17 00:00:00,2026-02-16 00:00:00,30.0,CLOSED,VERIFIED
CBK0002347,TXN00010961,USR48343,MCH2000,Transportation,WRONG_AMOUNT,LOW,1126.18,2026-02-13 00:00:00,2026-03-15 00:00:00,30.0,REJECTED,NO_KYC_RECORD
CBK0000460,TXN00001710,USR43228,MCH7810,Pharmacy,ACCOUNT_TAKEOVER,MEDIUM,5894.84,2026-03-22 00:00:00,2026-04-21 00:00:00,30.0,RESOLVED,NO_KYC_RECORD
CBK0000464,TXN00001948,USR22564,MCH3050,Transportation,SERVICE_NOT_PROVIDED,LOW,3935.87,2026-03-11 00:50:00,2026-04-10 00:00:00,29.97,RESOLVED,VERIFIED
CBK0002508,TXN00015520,USR71727,MCH1515,Restaurants,DUPLICATE_DEBIT,CRITICAL,578.15,2026-01-24 00:42:06,2026-02-23 00:00:00,29.97,PENDING_BANK,NO_KYC_RECORD
CBK0001440,TXN00009124,USR49452,MCH5012,Grocery,SERVICE_NOT_PROVIDED,MEDIUM,253.0,2026-02-06 01:11:28,2026-03-08 00:00:00,29.95,IN_PROGRESS,NO_KYC_RECORD
CBK0000236,TXN00015982,USR61129,MCH4843,Transportation,GENERAL_DISPUTE,LOW,3445.69,2026-02-19 02:15:55,2026-03-21 00:00:00,29.91,OPEN,NO_KYC_RECORD
CBK0002385,TXN00016200,USR72421,MCH1818,Apparel,NOT_DELIVERED,MEDIUM,2148.76,2026-01-04 02:48:11,2026-02-03 00:00:00,29.88,IN_PROGRESS,NO_KYC_RECORD
CBK0002646,TXN00007962,USR29097,MCH3376,Grocery,DUPLICATE_DEBIT,CRITICAL,875.42,2026-01-06 03:01:00,2026-02-05 00:00:00,29.87,CLOSED,NO_KYC_RECORD
CBK0002744,TXN00012832,USR32716,MCH5009,Grocery,UNAUTHORIZED_TXN,LOW,4346.69,2026-03-05 03:30:57,2026-04-04 00:00:00,29.85,IN_PROGRESS,VERIFIED
CBK0000837,TXN00014492,USR65475,MCH2600,Apparel,FRAUD_SUSPECTED,HIGH,18659.19,2026-01-04 03:46:36,2026-02-03 00:00:00,29.84,IN_PROGRESS,VERIFIED
CBK0001455,TXN00007357,USR24025,MCH1498,Grocery,WRONG_AMOUNT,MEDIUM,161.0,2026-01-10 04:54:03,2026-02-09 00:00:00,29.8,IN_PROGRESS,NO_KYC_RECORD
CBK0000412,TXN00007488,USR18563,MCH7002,Unknown,WRONG_AMOUNT,HIGH,384.26,2026-01-14 05:30:00,2026-02-13 00:00:00,29.77,PENDING_BANK,VERIFIED
CBK0000171,TXN00003032,USR74517,MCH9969,Hotels & Lodging,NOT_DELIVERED,HIGH,988.93,2026-02-02 06:26:00,2026-03-04 00:00:00,29.73,REJECTED,NO_KYC_RECORD
CBK0000549,TXN00011700,USR84351,MCH5067,Grocery,GENERAL_DISPUTE,LOW,14999.55,2026-03-30 11:04:32,2026-04-29 00:00:00,29.54,OPEN,NO_KYC_RECORD
CBK0001712,TXN00007450,USR63429,MCH8300,Grocery,NOT_DELIVERED,HIGH,1985.25,2026-03-24 11:00:00,2026-04-23 00:00:00,29.54,PENDING_BANK,NO_KYC_RECORD
CBK0001787,TXN00013934,USR77709,MCH5422,Hotels & Lodging,ACCOUNT_TAKEOVER,HIGH,487.43,2026-03-12 13:58:26,2026-04-11 00:00:00,29.42,IN_PROGRESS,NO_KYC_RECORD
CBK0001594,TXN00004839,USR38591,MCH4660,Restaurants,NOT_DELIVERED,HIGH,955.91,2026-03-25 14:10:57,2026-04-24 00:00:00,29.41,CLOSED,VERIFIED
CBK0001006,TXN00005755,USR48591,MCH2143,Grocery,FRAUD_SUSPECTED,MEDIUM,740.85,2026-03-29 16:15:15,2026-04-28 00:00:00,29.32,IN_PROGRESS,NO_KYC_RECORD
CBK0001681,TXN00013474,USR49935,MCH9638,Transportation,NOT_DELIVERED,LOW,3303.95,2026-03-08 17:42:18,2026-04-07 00:00:00,29.26,OPEN,VERIFIED
CBK0000393,TXN00010745,USR25313,MCH6239,Apparel,ACCOUNT_TAKEOVER,CRITICAL,2212.96,2026-01-14 19:00:00,2026-02-13 00:00:00,29.21,REJECTED,VERIFIED
CBK0002682,TXN00000762,USR74431,MCH3815,Restaurants,DUPLICATE_DEBIT,HIGH,1083.4,2026-01-23 19:17:00,2026-02-21 00:00:00,28.2,RESOLVED,NO_KYC_RECORD
CBK0000806,TXN00010423,USR92720,MCH7558,Hotels & Lodging,SERVICE_NOT_PROVIDED,LOW,1285.39,2026-01-28 13:08:32,2026-02-25 04:33:00,27.64,REJECTED,PENDING
CBK0000844,TXN00012434,USR20008,MCH5155,Transportation,SERVICE_NOT_PROVIDED,MEDIUM,2898.89,2026-01-30 03:58:01,2026-02-26 16:33:00,27.52,REJECTED,NO_KYC_RECORD
CBK0001388,TXN00008970,USR48734,MCH6090,Pharmacy,DUPLICATE_DEBIT,LOW,4522.0,2026-03-05 01:36:15,2026-04-01 12:45:30,27.46,OPEN,REJECTED
CBK0002374,TXN00005973,USR98871,MCH6880,Grocery,UNAUTHORIZED_TXN,MEDIUM,10229.48,2026-01-10 22:24:16,2026-02-07 00:00:00,27.07,PENDING_BANK,NO_KYC_RECORD
CBK0000455,TXN00012649,USR48604,MCH1905,Restaurants,ACCOUNT_TAKEOVER,HIGH,2202.7,2026-01-28 23:06:49,2026-02-25 00:00:00,27.04,IN_PROGRESS,VERIFIED
CBK0001921,TXN00018097,USR41962,MCH9753,Pharmacy,NOT_DELIVERED,HIGH,2522.66,2026-01-31 09:56:59,2026-02-27 00:00:00,26.59,CLOSED,NO_KYC_RECORD
CBK0000568,TXN00005915,USR74915,MCH1618,Grocery,FRAUD_SUSPECTED,MEDIUM,215.32,2026-01-28 16:15:35,2026-02-24 00:00:00,26.32,PENDING_BANK,VERIFIED
CBK0000216,TXN00011136,USR80577,MCH6838,Pharmacy,SERVICE_NOT_PROVIDED,MEDIUM,4064.12,2026-01-15 04:31:27,2026-02-10 05:09:00,26.03,REJECTED,PENDING
CBK0000812,TXN00003721,USR43100,MCH9676,Grocery,FRAUD_SUSPECTED,HIGH,3807.76,2026-02-07 00:09:16,2026-03-05 00:00:00,25.99,CLOSED,NO_KYC_RECORD
CBK0000045,TXN00018877,USR94279,MCH4458,Grocery,SERVICE_NOT_PROVIDED,CRITICAL,2653.61,2026-02-12 17:03:46,2026-03-10 00:00:00,25.29,OPEN,VERIFIED
CBK0001758,TXN00014222,USR15377,MCH3560,Transportation,WRONG_AMOUNT,LOW,2187.0,2026-02-18 18:51:05,2026-03-16 00:00:00,25.21,REJECTED,NO_KYC_RECORD
CBK0001540,TXN00018190,USR13826,MCH2138,Grocery,UNAUTHORIZED_TXN,MEDIUM,3985.84,2026-01-31 04:25:41,2026-02-24 00:00:00,23.82,REJECTED,NO_KYC_RECORD
CBK0002762,TXN00012709,USR34215,MCH3325,Transportation,DUPLICATE_DEBIT,MEDIUM,1866.43,2026-01-02 18:14:50,2026-01-25 00:00:00,22.24,OPEN,VERIFIED
CBK0000389,TXN00015997,USR38727,MCH7468,Grocery,UNAUTHORIZED_TXN,LOW,1370.91,2026-02-05 00:11:09,2026-02-27 01:44:30,22.06,PENDING_BANK,VERIFIED
CBK0001560,TXN00001620,USR32079,MCH8999,Pharmacy,FRAUD_SUSPECTED,LOW,1347.82,2026-03-01 00:00:00,2026-03-23 00:00:00,22.0,RESOLVED,VERIFIED
CBK0001670,TXN00018666,USR78780,MCH5135,Apparel,UNAUTHORIZED_TXN,MEDIUM,1677.0,2026-02-12 13:54:33,2026-03-06 00:00:00,21.42,OPEN,NO_KYC_RECORD
CBK0000964,TXN00002933,USR46169,MCH1389,Pharmacy,ACCOUNT_TAKEOVER,MEDIUM,1870.77,2026-01-06 09:07:16,2026-01-27 00:00:00,20.62,RESOLVED,VERIFIED
CBK0000663,TXN00002699,USR17917,MCH6988,Unknown,ACCOUNT_TAKEOVER,HIGH,422.45,2026-02-20 00:55:50,2026-03-11 00:00:00,18.96,CLOSED,VERIFIED
CBK0001141,TXN00005079,USR97464,MCH3246,Grocery,DUPLICATE_DEBIT,HIGH,1368.67,2026-02-05 18:08:23,2026-02-24 11:45:21,18.73,PENDING_BANK,NO_KYC_RECORD
CBK0002391,TXN00013005,USR42941,MCH2716,Pharmacy,NOT_DELIVERED,LOW,3734.7,2026-03-13 14:31:41,2026-04-01 00:00:00,18.39,PENDING_BANK,VERIFIED
CBK0001874,TXN00004675,USR42248,MCH9509,Hotels & Lodging,NOT_DELIVERED,HIGH,258.2,2026-03-21 00:00:00,2026-04-06 22:58:00,16.96,PENDING_BANK,VERIFIED
CBK0002670,TXN00018420,USR30397,MCH5342,Unknown,SERVICE_NOT_PROVIDED,HIGH,2274.67,2026-02-24 00:39:53,2026-03-12 19:55:00,16.8,PENDING_BANK,NO_KYC_RECORD
CBK0000308,TXN00017336,USR63057,MCH9048,Transportation,NOT_DELIVERED,CRITICAL,3087.13,2026-03-23 00:00:00,2026-04-08 16:47:26,16.7,RESOLVED,IN_REVIEW
CBK0000538,TXN00005988,USR71306,MCH9778,Restaurants,ACCOUNT_TAKEOVER,HIGH,1345.11,2026-01-10 00:00:00,2026-01-26 15:58:00,16.67,OPEN,NO_KYC_RECORD
CBK0001608,TXN00019683,USR43210,MCH3834,Grocery,GENERAL_DISPUTE,MEDIUM,363.03,2026-02-14 00:00:00,2026-03-02 15:14:00,16.63,IN_PROGRESS,PENDING
CBK0001168,TXN00005941,USR84110,MCH2924,Hotels & Lodging,WRONG_AMOUNT,HIGH,8630.24,2026-03-06 00:00:00,2026-03-22 14:23:38,16.6,IN_PROGRESS,NO_KYC_RECORD
CBK0000254,TXN00005010,USR63835,MCH6335,Pharmacy,ACCOUNT_TAKEOVER,MEDIUM,1290.35,2026-02-19 09:38:52,2026-03-08 00:00:00,16.6,OPEN,NO_KYC_RECORD
CBK0002538,TXN00018880,USR20074,MCH5476,Grocery,ACCOUNT_TAKEOVER,LOW,2224.0,2026-01-13 00:00:00,2026-01-29 12:17:00,16.51,REJECTED,VERIFIED
CBK0001683,TXN00009432,USR72066,MCH4115,Transportation,GENERAL_DISPUTE,HIGH,5973.59,2026-02-19 00:00:00,2026-03-07 12:06:00,16.5,IN_PROGRESS,VERIFIED
CBK0000956,TXN00001028,USR65744,MCH6510,Unknown,NOT_DELIVERED,MEDIUM,21115.29,2026-03-30 00:00:00,2026-04-15 11:18:00,16.47,OPEN,VERIFIED
CBK0000235,TXN00006623,USR83988,MCH9851,Hotels & Lodging,SERVICE_NOT_PROVIDED,LOW,1154.99,2026-01-27 00:00:00,2026-02-12 09:53:35,16.41,IN_PROGRESS,NO_KYC_RECORD
CBK0001018,TXN00018348,USR27368,MCH3078,Transportation,UNAUTHORIZED_TXN,LOW,1207.49,2026-01-28 00:00:00,2026-02-13 05:26:28,16.23,RESOLVED,NO_KYC_RECORD
CBK0002115,TXN00015780,USR86322,MCH4039,Restaurants,GENERAL_DISPUTE,MEDIUM,1404.29,2026-01-21 00:00:00,2026-02-06 03:02:02,16.13,OPEN,NO_KYC_RECORD
CBK0000414,TXN00071282,USR51465,MCH8403,Unknown,ACCOUNT_TAKEOVER,CRITICAL,4105.21,2026-03-05 00:00:00,2026-03-21 02:45:00,16.11,IN_PROGRESS,NO_KYC_RECORD
CBK0000556,TXN00013406,USR50378,MCH2484,Unknown,FRAUD_SUSPECTED,HIGH,6052.19,2026-03-08 00:00:00,2026-03-24 02:07:00,16.09,OPEN,VERIFIED
CBK0000263,TXN00006449,USR76874,MCH1342,Grocery,ACCOUNT_TAKEOVER,HIGH,250.0,2026-01-10 00:00:00,2026-01-26 01:59:16,16.08,IN_PROGRESS,NO_KYC_RECORD
CBK0000021,TXN00013452,USR20653,MCH6451,Restaurants,FRAUD_SUSPECTED,MEDIUM,2480.91,2026-02-18 00:00:00,2026-03-06 00:25:19,16.02,IN_PROGRESS,VERIFIED
CBK0002612,TXN00010607,USR51423,MCH5045,Grocery,ACCOUNT_TAKEOVER,HIGH,397.65,2026-03-01 00:00:00,2026-03-17 00:00:00,16.0,RESOLVED,NO_KYC_RECORD
CBK0000124,TXN00006207,USR92289,MCH5670,Hotels & Lodging,NOT_DELIVERED,LOW,5731.89,2026-02-12 00:00:00,2026-02-28 00:00:00,16.0,PENDING_BANK,VERIFIED
CBK0000729,TXN00009979,USR58929,MCH5102,Restaurants,FRAUD_SUSPECTED,MEDIUM,1801.1,2026-02-01 00:00:00,2026-02-17 00:00:00,16.0,IN_PROGRESS,NO_KYC_RECORD
CBK0000046,TXN00007253,USR68255,MCH3914,Restaurants,ACCOUNT_TAKEOVER,HIGH,8599.51,2026-02-15 00:00:00,2026-03-03 00:00:00,16.0,OPEN,NO_KYC_RECORD
CBK0001148,TXN00009676,USR55702,MCH5559,Grocery,UNAUTHORIZED_TXN,LOW,14503.4,2026-01-18 00:00:00,2026-02-03 00:00:00,16.0,RESOLVED,NO_KYC_RECORD
CBK0001319,,USR87558,MCH8935,Transportation,GENERAL_DISPUTE,MEDIUM,1537.87,2026-03-28 00:00:00,2026-04-13 00:00:00,16.0,CLOSED,NO_KYC_RECORD
CBK0001289,TXN00014346,USR21498,MCH8296,Restaurants,SERVICE_NOT_PROVIDED,LOW,1908.15,2026-01-31 00:00:00,2026-02-16 00:00:00,16.0,PENDING_BANK,NO_KYC_RECORD
CBK0001694,TXN00051122,USR46938,MCH9841,Unknown,WRONG_AMOUNT,LOW,348.47,2026-03-02 00:00:00,2026-03-18 00:00:00,16.0,REJECTED,NO_KYC_RECORD
CBK0002064,,USR68861,MCH3516,Unknown,GENERAL_DISPUTE,LOW,1531.2,2026-03-29 00:00:00,2026-04-14 00:00:00,16.0,PENDING_BANK,NO_KYC_RECORD
CBK0002129,TXN00005777,USR38299,MCH4216,Hotels & Lodging,FRAUD_SUSPECTED,HIGH,891.95,2026-03-05 00:00:00,2026-03-21 00:00:00,16.0,OPEN,VERIFIED
CBK0001341,TXN00001434,USR35938,MCH2615,Transportation,WRONG_AMOUNT,HIGH,3251.08,2026-02-10 00:00:00,2026-02-26 00:00:00,16.0,CLOSED,PENDING
CBK0000953,TXN00011579,USR72123,MCH8193,Pharmacy,SERVICE_NOT_PROVIDED,CRITICAL,4186.0,2026-03-02 00:00:00,2026-03-18 00:00:00,16.0,CLOSED,VERIFIED
CBK0002294,TXN00004771,USR23614,MCH9657,Grocery,GENERAL_DISPUTE,CRITICAL,5005.08,2026-02-03 00:00:00,2026-02-19 00:00:00,16.0,PENDING_BANK,NO_KYC_RECORD
CBK0002105,TXN00012640,USR74237,MCH7304,Grocery,DUPLICATE_DEBIT,HIGH,3800.84,2026-02-19 00:00:00,2026-03-07 00:00:00,16.0,IN_PROGRESS,NO_KYC_RECORD
CBK0001222,TXN00004174,USR31416,MCH6395,Transportation,UNAUTHORIZED_TXN,CRITICAL,26842.07,2026-02-22 00:00:00,2026-03-10 00:00:00,16.0,REJECTED,NO_KYC_RECORD
CBK0001089,TXN00006872,USR28430,MCH7606,Misc Retail,NOT_DELIVERED,LOW,2082.0,2026-01-05 00:00:00,2026-01-21 00:00:00,16.0,IN_PROGRESS,VERIFIED
CBK0000969,TXN00014162,USR99256,MCH9657,Transportation,NOT_DELIVERED,LOW,4363.63,2026-02-18 00:00:00,2026-03-06 00:00:00,16.0,IN_PROGRESS,VERIFIED
CBK0002311,TXN00011525,USR54428,MCH8980,Grocery,GENERAL_DISPUTE,MEDIUM,3875.84,2026-03-29 00:00:00,2026-04-14 00:00:00,16.0,PENDING_BANK,NO_KYC_RECORD
CBK0001100,TXN00058495,USR57427,MCH5101,Unknown,DUPLICATE_DEBIT,HIGH,543.72,2026-03-19 00:00:00,2026-04-04 00:00:00,16.0,REJECTED,VERIFIED
CBK0001103,TXN00006537,USR19121,MCH1126,Grocery,GENERAL_DISPUTE,MEDIUM,418.0,2026-02-25 00:00:00,2026-03-12 23:58:49,16.0,PENDING_BANK,NO_KYC_RECORD
CBK0001621,TXN00006638,USR23213,MCH2007,Misc Retail,WRONG_AMOUNT,CRITICAL,2742.66,2026-01-03 00:00:00,2026-01-19 00:00:00,16.0,OPEN,VERIFIED
CBK0001477,TXN00009790,USR87975,MCH6939,Restaurants,NOT_DELIVERED,CRITICAL,996.46,2026-03-16 00:00:00,2026-04-01 00:00:00,16.0,OPEN,NO_KYC_RECORD
CBK0001179,TXN00016521,USR89343,MCH9606,Restaurants,FRAUD_SUSPECTED,LOW,2697.0,2026-02-25 00:00:00,2026-03-13 00:00:00,16.0,PENDING_BANK,VERIFIED
CBK0002124,TXN00002782,USR67030,MCH9320,Restaurants,SERVICE_NOT_PROVIDED,HIGH,832.0,2026-02-28 00:00:00,2026-03-16 00:00:00,16.0,REJECTED,NO_KYC_RECORD
CBK0000817,TXN00002301,USR83755,MCH2902,Hotels & Lodging,ACCOUNT_TAKEOVER,LOW,769.17,2026-02-05 00:00:00,2026-02-21 00:00:00,16.0,OPEN,NO_KYC_RECORD
CBK0000611,TXN00014367,USR28764,MCH6254,Grocery,SERVICE_NOT_PROVIDED,LOW,996.14,2026-02-17 00:00:00,2026-03-05 00:00:00,16.0,OPEN,NO_KYC_RECORD
CBK0001827,TXN00003656,USR42976,MCH4667,Grocery,GENERAL_DISPUTE,LOW,1011.36,2026-03-26 00:00:00,2026-04-11 00:00:00,16.0,REJECTED,VERIFIED
CBK0002630,TXN00019209,USR42648,MCH4243,Department Stores,ACCOUNT_TAKEOVER,LOW,13306.35,2026-03-12 00:00:00,2026-03-28 00:00:00,16.0,OPEN,NO_KYC_RECORD
CBK0000374,TXN00005682,USR37782,MCH6724,Grocery,WRONG_AMOUNT,HIGH,2014.01,2026-02-22 07:20:00,2026-03-10 06:20:48,15.96,RESOLVED,VERIFIED
CBK0002496,TXN00016961,USR53948,MCH9431,Transportation,NOT_DELIVERED,MEDIUM,433.87,2026-02-26 13:00:00,2026-03-14 12:00:58,15.96,OPEN,NO_KYC_RECORD
CBK0001262,TXN00010454,USR88654,MCH1476,Grocery,UNAUTHORIZED_TXN,LOW,470.39,2026-03-15 00:00:00,2026-03-30 22:30:00,15.94,RESOLVED,NO_KYC_RECORD
CBK0002654,TXN00013866,USR87068,MCH6253,Grocery,ACCOUNT_TAKEOVER,LOW,3952.26,2026-03-25 00:00:00,2026-04-09 21:53:19,15.91,REJECTED,NO_KYC_RECORD
CBK0001593,TXN00015434,USR17004,MCH6440,Grocery,FRAUD_SUSPECTED,MEDIUM,8317.58,2026-03-05 10:42:00,2026-03-21 07:42:38,15.88,PENDING_BANK,NO_KYC_RECORD
CBK0000126,TXN00009782,USR27873,MCH5528,Pharmacy,WRONG_AMOUNT,MEDIUM,718.61,2026-03-22 00:00:00,2026-04-06 19:49:00,15.83,RESOLVED,NO_KYC_RECORD
CBK0002233,TXN00010897,USR74006,MCH9593,Grocery,NOT_DELIVERED,HIGH,5022.43,2026-01-29 21:07:26,2026-02-14 17:07:26,15.83,IN_PROGRESS,NO_KYC_RECORD
CBK0002643,TXN00011560,USR19905,MCH7402,Transportation,NOT_DELIVERED,HIGH,2932.55,2026-01-06 16:33:45,2026-01-22 11:33:45,15.79,REJECTED,NO_KYC_RECORD
CBK0002609,TXN00005872,USR76047,MCH5297,Grocery,UNAUTHORIZED_TXN,LOW,2023.21,2026-03-31 04:58:00,2026-04-16 00:00:00,15.79,RESOLVED,VERIFIED
CBK0002433,TXN00013653,USR93967,MCH4085,Pharmacy,WRONG_AMOUNT,MEDIUM,555.33,2026-02-02 03:05:01,2026-02-17 22:05:01,15.79,IN_PROGRESS,NO_KYC_RECORD
CBK0002675,TXN00007158,USR88372,MCH6114,Pharmacy,NOT_DELIVERED,HIGH,1520.53,2026-02-10 00:00:00,2026-02-25 18:38:29,15.78,IN_PROGRESS,NO_KYC_RECORD
CBK0000287,TXN00015777,USR21242,MCH3132,Unknown,FRAUD_SUSPECTED,LOW,4982.63,2026-03-27 00:00:00,2026-04-11 18:19:42,15.76,IN_PROGRESS,NO_KYC_RECORD
CBK0000753,TXN00011998,USR64914,MCH6555,Hotels & Lodging,GENERAL_DISPUTE,LOW,1184.71,2026-01-24 05:54:36,2026-02-09 00:00:00,15.75,REJECTED,NO_KYC_RECORD
CBK0001248,TXN00012952,USR28594,MCH7698,Transportation,SERVICE_NOT_PROVIDED,LOW,596.6,2026-02-02 08:39:00,2026-02-18 02:39:13,15.75,PENDING_BANK,NO_KYC_RECORD
CBK0002610,TXN00011255,USR95217,MCH9572,Transportation,ACCOUNT_TAKEOVER,LOW,2068.22,2026-01-06 00:00:00,2026-01-21 17:51:37,15.74,OPEN,REJECTED
CBK0002542,TXN00004045,USR51228,MCH5946,Pharmacy,ACCOUNT_TAKEOVER,LOW,14158.32,2026-03-24 03:03:18,2026-04-08 20:03:18,15.71,PENDING_BANK,NO_KYC_RECORD
CBK0001062,TXN00012810,USR16089,MCH3478,Pharmacy,WRONG_AMOUNT,LOW,14920.61,2026-01-26 00:00:00,2026-02-10 16:43:00,15.7,OPEN,VERIFIED
CBK0000367,TXN00017265,USR55217,MCH8758,Transportation,NOT_DELIVERED,LOW,2120.67,2026-01-10 00:00:00,2026-01-25 16:37:52,15.69,RESOLVED,NO_KYC_RECORD
CBK0001901,TXN00014122,USR22509,MCH7448,Pharmacy,GENERAL_DISPUTE,MEDIUM,440.57,2026-02-28 00:00:00,2026-03-15 16:03:17,15.67,RESOLVED,NO_KYC_RECORD
CBK0000419,TXN00018842,USR22336,MCH6678,Transportation,WRONG_AMOUNT,MEDIUM,1397.32,2026-03-13 16:46:00,2026-03-29 08:46:00,15.67,CLOSED,VERIFIED
CBK0000991,TXN00016978,USR47287,MCH5032,Restaurants,FRAUD_SUSPECTED,MEDIUM,3895.0,2026-03-28 06:01:00,2026-04-12 20:01:14,15.58,CLOSED,VERIFIED
CBK0000794,TXN00013962,USR17289,MCH1249,Grocery,NOT_DELIVERED,MEDIUM,1826.0,2026-01-12 10:51:00,2026-01-28 00:00:00,15.55,CLOSED,NO_KYC_RECORD
CBK0001900,TXN00012829,USR35221,MCH1971,Grocery,DUPLICATE_DEBIT,HIGH,4506.23,2026-03-20 18:15:11,2026-04-05 07:15:11,15.54,RESOLVED,VERIFIED
CBK0000731,TXN00009087,USR62310,MCH2569,Restaurants,FRAUD_SUSPECTED,MEDIUM,7838.0,2026-02-02 11:18:00,2026-02-18 00:18:00,15.54,PENDING_BANK,VERIFIED
CBK0001011,TXN00016394,USR88277,MCH8539,Grocery,SERVICE_NOT_PROVIDED,HIGH,4322.92,2026-02-24 05:25:21,2026-03-11 17:25:21,15.5,OPEN,NO_KYC_RECORD
CBK0002322,TXN00009493,USR27819,MCH3900,Restaurants,SERVICE_NOT_PROVIDED,MEDIUM,270.77,2026-02-26 00:00:00,2026-03-13 11:10:29,15.47,RESOLVED,NO_KYC_RECORD
CBK0000070,TXN00019236,USR11082,MCH2899,Restaurants,UNAUTHORIZED_TXN,HIGH,3160.25,2026-03-26 13:55:00,2026-04-10 23:55:00,15.42,RESOLVED,NO_KYC_RECORD
CBK0002623,,USR80824,MCH3492,Unknown,FRAUD_SUSPECTED,HIGH,1057.6,2026-01-18 14:41:00,2026-02-03 00:00:00,15.39,REJECTED,NO_KYC_RECORD
CBK0001752,TXN00006114,USR57977,MCH1341,Pharmacy,ACCOUNT_TAKEOVER,HIGH,4938.0,2026-01-11 14:56:22,2026-01-27 00:00:00,15.38,REJECTED,NO_KYC_RECORD
CBK0002260,TXN00019490,USR90511,MCH4612,Transportation,FRAUD_SUSPECTED,CRITICAL,1314.21,2026-01-04 16:21:04,2026-01-20 00:00:00,15.32,REJECTED,NO_KYC_RECORD
CBK0001246,TXN00007847,USR19060,MCH3962,Transportation,WRONG_AMOUNT,HIGH,20805.74,2026-03-29 17:35:00,2026-04-14 00:00:00,15.27,OPEN,NO_KYC_RECORD
CBK0002442,TXN00003496,USR21435,MCH8541,Hotels & Lodging,SERVICE_NOT_PROVIDED,HIGH,1706.49,2026-01-12 17:43:35,2026-01-28 00:00:00,15.26,REJECTED,NO_KYC_RECORD
CBK0000801,TXN00000284,USR97613,MCH2400,Grocery,UNAUTHORIZED_TXN,MEDIUM,2676.58,2026-03-06 06:58:00,2026-03-21 12:58:56,15.25,RESOLVED,NO_KYC_RECORD
CBK0001790,TXN00000533,USR93200,MCH4776,Hotels & Lodging,FRAUD_SUSPECTED,MEDIUM,6055.78,2026-01-18 17:59:52,2026-02-03 00:00:00,15.25,OPEN,VERIFIED
CBK0002251,TXN00017472,USR71491,MCH9585,Pharmacy,GENERAL_DISPUTE,CRITICAL,14012.62,2026-02-23 08:37:00,2026-03-10 13:37:56,15.21,RESOLVED,NO_KYC_RECORD
CBK0000836,TXN00003340,USR25869,MCH8307,Grocery,FRAUD_SUSPECTED,MEDIUM,1823.47,2026-01-09 19:59:04,2026-01-25 00:00:00,15.17,RESOLVED,VERIFIED
CBK0002533,TXN00002429,USR71417,MCH1107,Grocery,UNAUTHORIZED_TXN,MEDIUM,389.54,2026-01-27 20:26:00,2026-02-12 00:00:00,15.15,IN_PROGRESS,NO_KYC_RECORD
CBK0000803,,USR28353,MCH9017,Unknown,NOT_DELIVERED,HIGH,6400.05,2026-01-28 20:41:02,2026-02-13 00:00:00,15.14,RESOLVED,NO_KYC_RECORD
CBK0001357,TXN00015990,USR64598,MCH6606,Grocery,ACCOUNT_TAKEOVER,CRITICAL,1640.31,2026-01-08 00:00:00,2026-01-23 03:20:00,15.14,OPEN,NO_KYC_RECORD
CBK0000024,TXN00007464,USR31702,MCH5191,Pharmacy,WRONG_AMOUNT,MEDIUM,2001.83,2026-01-18 00:00:00,2026-02-02 03:05:42,15.13,REJECTED,NO_KYC_RECORD
CBK0000423,TXN00012405,USR53253,MCH5020,Hotels & Lodging,DUPLICATE_DEBIT,MEDIUM,1837.0,2026-01-26 21:04:00,2026-02-11 00:00:00,15.12,REJECTED,NO_KYC_RECORD
CBK0001390,TXN00017748,USR61630,MCH9572,Pharmacy,ACCOUNT_TAKEOVER,LOW,8160.0,2026-03-04 16:20:03,2026-03-19 19:20:03,15.12,RESOLVED,VERIFIED
CBK0002534,TXN00004493,USR49358,MCH1182,Grocery,NOT_DELIVERED,LOW,380.69,2026-01-11 21:56:00,2026-01-27 00:00:00,15.09,IN_PROGRESS,NO_KYC_RECORD
CBK0001990,TXN00013175,USR65033,MCH9749,Pharmacy,ACCOUNT_TAKEOVER,HIGH,917.0,2026-03-29 13:19:19,2026-04-13 15:19:00,15.08,IN_PROGRESS,IN_REVIEW
CBK0001290,TXN00009715,USR32457,MCH8119,Hotels & Lodging,WRONG_AMOUNT,LOW,1200.75,2026-01-07 22:39:00,2026-01-23 00:00:00,15.06,CLOSED,VERIFIED
CBK0002428,TXN00009714,USR83578,MCH8267,Pharmacy,DUPLICATE_DEBIT,LOW,807.62,2026-02-15 22:57:47,2026-03-03 00:00:00,15.04,CLOSED,NO_KYC_RECORD
CBK0000471,TXN00007267,USR49860,MCH8527,Pharmacy,DUPLICATE_DEBIT,LOW,890.07,2026-01-05 18:57:21,2026-01-20 19:57:21,15.04,REJECTED,NO_KYC_RECORD
CBK0001305,TXN00017826,USR97136,MCH9861,Restaurants,ACCOUNT_TAKEOVER,LOW,5617.04,2026-01-18 23:38:00,2026-02-03 00:00:00,15.02,IN_PROGRESS,NO_KYC_RECORD
CBK0001926,TXN00019983,USR89961,MCH2534,Grocery,DUPLICATE_DEBIT,HIGH,8084.93,2026-03-16 23:25:39,2026-04-01 00:00:00,15.02,REJECTED,VERIFIED
CBK0001096,TXN00019163,USR98710,MCH4367,Restaurants,WRONG_AMOUNT,HIGH,1202.2,2026-02-17 00:00:00,2026-03-04 00:00:00,15.0,RESOLVED,VERIFIED
CBK0002722,TXN00008498,USR23093,MCH5209,Unknown,UNAUTHORIZED_TXN,LOW,2342.66,2026-02-01 00:00:00,2026-02-16 00:00:00,15.0,PENDING_BANK,VERIFIED
CBK0002164,TXN00001135,USR63841,MCH3252,Apparel,ACCOUNT_TAKEOVER,HIGH,2731.02,2026-02-07 00:00:00,2026-02-22 00:00:00,15.0,CLOSED,NO_KYC_RECORD
CBK0000653,TXN00007307,USR21014,MCH6677,Restaurants,UNAUTHORIZED_TXN,MEDIUM,2349.32,2026-01-15 00:00:00,2026-01-30 00:00:00,15.0,CLOSED,NO_KYC_RECORD
CBK0002386,TXN00014331,USR53338,MCH9699,Hotels & Lodging,ACCOUNT_TAKEOVER,HIGH,678.63,2026-01-20 00:00:00,2026-02-04 00:00:00,15.0,OPEN,NO_KYC_RECORD
CBK0001067,TXN00000175,USR34435,MCH2971,Transportation,WRONG_AMOUNT,HIGH,1092.58,2026-02-23 00:00:00,2026-03-10 00:00:00,15.0,RESOLVED,NO_KYC_RECORD
CBK0002395,TXN00010795,USR27980,MCH9691,Transportation,DUPLICATE_DEBIT,LOW,933.13,2026-03-30 00:00:00,2026-04-14 00:00:00,15.0,IN_PROGRESS,VERIFIED
CBK0001876,,USR39217,MCH8156,Unknown,DUPLICATE_DEBIT,LOW,927.0,2026-03-06 00:00:00,2026-03-21 00:00:00,15.0,RESOLVED,VERIFIED
CBK0001458,TXN00002805,USR54378,MCH7432,Restaurants,DUPLICATE_DEBIT,MEDIUM,1623.96,2026-02-18 00:00:00,2026-03-05 00:00:00,15.0,CLOSED,NO_KYC_RECORD
CBK0002375,TXN00011957,USR17049,MCH2598,Pharmacy,ACCOUNT_TAKEOVER,MEDIUM,569.94,2026-02-22 00:00:00,2026-03-09 00:00:00,15.0,IN_PROGRESS,NO_KYC_RECORD
CBK0002553,TXN00012590,USR88142,MCH5542,Hotels & Lodging,GENERAL_DISPUTE,CRITICAL,8645.0,2026-03-16 00:00:00,2026-03-31 00:00:00,15.0,CLOSED,NO_KYC_RECORD
CBK0002110,TXN00019908,USR17716,MCH4921,Restaurants,ACCOUNT_TAKEOVER,LOW,14932.0,2026-02-03 00:00:00,2026-02-18 00:00:00,15.0,OPEN,VERIFIED
CBK0002780,TXN00040959,USR75376,MCH4293,Unknown,NOT_DELIVERED,HIGH,823.15,2026-02-26 00:00:00,2026-03-13 00:00:00,15.0,IN_PROGRESS,NO_KYC_RECORD
CBK0002173,TXN00013107,USR34733,MCH9675,Transportation,UNAUTHORIZED_TXN,LOW,2242.79,2026-03-28 00:00:00,2026-04-12 00:00:00,15.0,IN_PROGRESS,NO_KYC_RECORD
CBK0002617,TXN00016671,USR22220,MCH5625,Grocery,GENERAL_DISPUTE,LOW,1587.1,2026-02-09 00:00:00,2026-02-24 00:00:00,15.0,REJECTED,VERIFIED
CBK0000168,TXN00010651,USR49992,MCH6705,Pharmacy,UNAUTHORIZED_TXN,HIGH,23417.83,2026-01-19 00:00:00,2026-02-03 00:00:00,15.0,PENDING_BANK,NO_KYC_RECORD
CBK0000363,TXN00014836,USR49870,MCH1173,Hotels & Lodging,GENERAL_DISPUTE,LOW,10870.71,2026-03-22 00:00:00,2026-04-06 00:00:00,15.0,RESOLVED,NO_KYC_RECORD
CBK0000769,TXN00010549,USR90916,MCH1910,Hotels & Lodging,GENERAL_DISPUTE,HIGH,6630.73,2026-01-16 00:00:00,2026-01-31 00:00:00,15.0,IN_PROGRESS,VERIFIED
CBK0001840,TXN00009647,USR58622,MCH3704,Grocery,DUPLICATE_DEBIT,HIGH,878.05,2026-02-07 00:00:00,2026-02-22 00:00:00,15.0,REJECTED,VERIFIED
CBK0000211,TXN00019098,USR91395,MCH6219,Pharmacy,ACCOUNT_TAKEOVER,MEDIUM,536.94,2026-02-12 00:00:00,2026-02-27 00:00:00,15.0,PENDING_BANK,VERIFIED
CBK0001703,TXN00014396,USR55720,MCH3630,Restaurants,UNAUTHORIZED_TXN,HIGH,1107.61,2026-03-30 00:00:00,2026-04-14 00:00:00,15.0,CLOSED,VERIFIED
CBK0000819,TXN00008276,USR70794,MCH1079,Transportation,UNAUTHORIZED_TXN,HIGH,2947.75,2026-02-25 00:00:00,2026-03-12 00:00:00,15.0,OPEN,NO_KYC_RECORD
CBK0000622,TXN00007356,USR56405,MCH6491,Restaurants,DUPLICATE_DEBIT,LOW,4608.17,2026-02-25 00:00:00,2026-03-12 00:00:00,15.0,PENDING_BANK,VERIFIED
CBK0000051,TXN00015825,USR19450,MCH3712,Pharmacy,ACCOUNT_TAKEOVER,CRITICAL,272.77,2026-03-19 00:00:00,2026-04-03 00:00:00,15.0,RESOLVED,VERIFIED
CBK0001451,TXN00003075,USR25619,MCH1545,Transportation,WRONG_AMOUNT,LOW,2267.96,2026-01-19 00:00:00,2026-02-03 00:00:00,15.0,OPEN,VERIFIED
CBK0001000,,USR21798,MCH5980,Transportation,GENERAL_DISPUTE,CRITICAL,725.0,2026-03-09 00:00:00,2026-03-24 00:00:00,15.0,IN_PROGRESS,NO_KYC_RECORD
CBK0002351,TXN00008276,USR70794,MCH1079,Transportation,ACCOUNT_TAKEOVER,CRITICAL,3331.49,2026-03-08 00:00:00,2026-03-23 00:00:00,15.0,RESOLVED,NO_KYC_RECORD
CBK0000310,TXN00019838,USR35774,MCH8102,Transportation,UNAUTHORIZED_TXN,CRITICAL,2926.76,2026-02-04 00:00:00,2026-02-19 00:00:00,15.0,IN_PROGRESS,NO_KYC_RECORD
CBK0002695,TXN00009985,USR81626,MCH7316,Restaurants,UNAUTHORIZED_TXN,LOW,4262.78,2026-03-04 00:00:00,2026-03-19 00:00:00,15.0,OPEN,NO_KYC_RECORD
CBK0000673,TXN00006799,USR89783,MCH9029,Hotels & Lodging,FRAUD_SUSPECTED,MEDIUM,7272.77,2026-01-04 00:00:00,2026-01-19 00:00:00,15.0,REJECTED,NO_KYC_RECORD
CBK0002784,TXN00003041,USR14719,MCH8840,Restaurants,SERVICE_NOT_PROVIDED,MEDIUM,4136.0,2026-01-18 17:10:46,2026-02-02 17:10:46,15.0,RESOLVED,VERIFIED
CBK0000226,TXN00015815,USR94189,MCH5540,Grocery,GENERAL_DISPUTE,LOW,458.03,2026-02-11 01:43:00,2026-02-26 00:00:00,14.93,IN_PROGRESS,VERIFIED
CBK0000434,TXN00002783,USR30948,MCH9758,Grocery,FRAUD_SUSPECTED,MEDIUM,447.3,2026-01-10 02:14:17,2026-01-25 00:00:00,14.91,CLOSED,REJECTED
CBK0000430,TXN00018881,USR65839,MCH4067,Grocery,FRAUD_SUSPECTED,HIGH,2108.9,2026-02-11 03:20:31,2026-02-26 00:00:00,14.86,IN_PROGRESS,NO_KYC_RECORD
CBK0002125,TXN00011157,USR85170,MCH9374,Pharmacy,GENERAL_DISPUTE,MEDIUM,2138.06,2026-01-26 03:53:00,2026-02-10 00:00:00,14.84,PENDING_BANK,NO_KYC_RECORD
CBK0001661,TXN00009867,USR30052,MCH1367,Transportation,NOT_DELIVERED,HIGH,9736.35,2026-03-25 04:28:00,2026-04-09 00:00:00,14.81,REJECTED,NO_KYC_RECORD
CBK0002693,,USR66470,MCH7690,Unknown,ACCOUNT_TAKEOVER,MEDIUM,1231.18,2026-02-02 05:38:00,2026-02-17 00:00:00,14.77,OPEN,VERIFIED
CBK0000493,TXN00001975,USR99484,MCH5922,Pharmacy,WRONG_AMOUNT,HIGH,943.72,2026-01-21 09:21:00,2026-02-05 00:00:00,14.61,OPEN,VERIFIED
CBK0001676,TXN00013539,USR69970,MCH4340,Transportation,SERVICE_NOT_PROVIDED,MEDIUM,1619.34,2026-02-09 10:20:56,2026-02-24 00:00:00,14.57,REJECTED,NO_KYC_RECORD
CBK0000283,TXN00017871,USR84134,MCH7932,Grocery,FRAUD_SUSPECTED,HIGH,1129.96,2026-01-17 10:50:06,2026-02-01 00:00:00,14.55,REJECTED,NO_KYC_RECORD
CBK0001685,TXN00009635,USR24406,MCH6217,Grocery,DUPLICATE_DEBIT,LOW,1538.91,2026-01-29 11:05:25,2026-02-13 00:00:00,14.54,PENDING_BANK,VERIFIED
CBK0000440,TXN00019212,USR60294,MCH6994,Transportation,ACCOUNT_TAKEOVER,LOW,2786.25,2026-01-05 16:31:08,2026-01-20 03:57:35,14.48,OPEN,VERIFIED
CBK0000355,TXN00010372,USR61908,MCH1065,Unknown,UNAUTHORIZED_TXN,CRITICAL,307.0,2026-03-08 13:27:13,2026-03-23 00:00:00,14.44,IN_PROGRESS,NO_KYC_RECORD
CBK0002183,TXN00014087,USR64203,MCH4836,Restaurants,DUPLICATE_DEBIT,LOW,4901.36,2026-03-04 13:46:36,2026-03-19 00:00:00,14.43,REJECTED,NO_KYC_RECORD
CBK0002572,TXN00002760,USR38441,MCH2180,Restaurants,UNAUTHORIZED_TXN,LOW,1345.79,2026-01-15 14:26:16,2026-01-30 00:00:00,14.4,RESOLVED,NO_KYC_RECORD
CBK0000834,TXN00006801,USR29029,MCH5294,Restaurants,DUPLICATE_DEBIT,HIGH,1623.25,2026-01-04 16:40:24,2026-01-19 00:00:00,14.31,CLOSED,NO_KYC_RECORD
CBK0001545,TXN00005459,USR14920,MCH8763,Unknown,ACCOUNT_TAKEOVER,LOW,2038.0,2026-01-31 19:19:26,2026-02-15 00:00:00,14.19,REJECTED,NO_KYC_RECORD
CBK0000372,TXN00010170,USR12298,MCH3434,Transportation,GENERAL_DISPUTE,MEDIUM,11446.22,2026-01-03 19:40:32,2026-01-18 00:00:00,14.18,RESOLVED,NO_KYC_RECORD
CBK0002691,TXN00002791,USR72482,MCH6268,Grocery,SERVICE_NOT_PROVIDED,CRITICAL,15201.89,2026-01-27 20:56:14,2026-02-11 00:00:00,14.13,OPEN,NO_KYC_RECORD
CBK0000932,TXN00003371,USR14131,MCH2048,Grocery,FRAUD_SUSPECTED,LOW,737.83,2026-03-12 04:59:10,2026-03-26 00:00:00,13.79,PENDING_BANK,NO_KYC_RECORD
CBK0002163,TXN00012741,USR52604,MCH3549,Hotels & Lodging,UNAUTHORIZED_TXN,MEDIUM,863.52,2026-02-24 01:57:22,2026-03-09 00:00:00,12.92,IN_PROGRESS,NO_KYC_RECORD
CBK0002661,TXN00015325,USR27295,MCH1137,Transportation,SERVICE_NOT_PROVIDED,MEDIUM,5464.95,2026-02-07 02:21:34,2026-02-20 00:00:00,12.9,REJECTED,NO_KYC_RECORD
CBK0001361,,USR87714,MCH7560,Department Stores,WRONG_AMOUNT,MEDIUM,3014.44,2026-02-08 00:00:00,2026-02-19 15:31:00,11.65,IN_PROGRESS,NO_KYC_RECORD
CBK0002016,TXN00007362,USR94040,MCH9136,Grocery,SERVICE_NOT_PROVIDED,LOW,3269.55,2026-03-23 00:00:00,2026-04-03 14:15:00,11.59,IN_PROGRESS,VERIFIED
CBK0001826,TXN00012615,USR13620,MCH3562,Grocery,UNAUTHORIZED_TXN,MEDIUM,2049.68,2026-02-02 00:00:00,2026-02-13 14:10:00,11.59,PENDING_BANK,NO_KYC_RECORD
CBK0002118,TXN00008403,USR46267,MCH5474,Grocery,UNAUTHORIZED_TXN,MEDIUM,1117.0,2026-01-06 00:00:00,2026-01-17 11:54:07,11.5,PENDING_BANK,NO_KYC_RECORD
CBK0000835,TXN00016557,USR80837,MCH1898,Hotels & Lodging,ACCOUNT_TAKEOVER,MEDIUM,3670.72,2026-03-20 00:00:00,2026-03-31 11:25:32,11.48,PENDING_BANK,NO_KYC_RECORD
CBK0000056,TXN00002715,USR84606,MCH9133,Hotels & Lodging,SERVICE_NOT_PROVIDED,HIGH,43.83,2026-01-23 00:00:00,2026-02-03 08:44:00,11.36,REJECTED,NO_KYC_RECORD
CBK0001306,TXN00000143,USR68939,MCH8858,Pharmacy,WRONG_AMOUNT,MEDIUM,449.0,2026-03-15 00:00:00,2026-03-26 08:39:16,11.36,PENDING_BANK,VERIFIED
CBK0001229,TXN00014638,USR48448,MCH6858,Grocery,NOT_DELIVERED,LOW,1064.0,2026-01-24 18:42:59,2026-02-05 03:24:10,11.36,CLOSED,NO_KYC_RECORD
CBK0000747,TXN00015384,USR22270,MCH9642,Hotels & Lodging,GENERAL_DISPUTE,LOW,452.46,2026-02-21 00:00:00,2026-03-04 07:27:02,11.31,CLOSED,NO_KYC_RECORD
CBK0002692,TXN00011494,USR23004,MCH2631,Grocery,ACCOUNT_TAKEOVER,LOW,1084.65,2026-01-25 00:00:00,2026-02-05 07:06:20,11.3,REJECTED,NO_KYC_RECORD
CBK0000615,TXN00002775,USR46394,MCH7355,Transportation,FRAUD_SUSPECTED,HIGH,1908.8,2026-01-07 00:00:00,2026-01-18 06:04:00,11.25,OPEN,VERIFIED
CBK0002642,TXN00007026,USR77744,MCH4753,Transportation,UNAUTHORIZED_TXN,MEDIUM,12338.61,2026-02-13 00:00:00,2026-02-24 05:34:00,11.23,CLOSED,VERIFIED
CBK0001788,TXN00016160,USR84338,MCH9825,Unknown,DUPLICATE_DEBIT,MEDIUM,604.17,2026-01-25 00:00:00,2026-02-05 04:45:43,11.2,CLOSED,VERIFIED
CBK0001038,TXN00005386,USR78383,MCH8520,Pharmacy,GENERAL_DISPUTE,MEDIUM,2597.6,2026-01-24 00:00:00,2026-02-04 04:50:27,11.2,IN_PROGRESS,VERIFIED
CBK0002226,TXN00005923,USR68854,MCH5028,Transportation,UNAUTHORIZED_TXN,MEDIUM,1759.97,2026-01-26 00:00:00,2026-02-06 03:51:00,11.16,RESOLVED,NO_KYC_RECORD
CBK0001557,TXN00010126,USR11539,MCH1855,Transportation,GENERAL_DISPUTE,LOW,1107.77,2026-01-31 00:00:00,2026-02-11 02:05:00,11.09,IN_PROGRESS,NO_KYC_RECORD
CBK0000949,,USR50783,MCH9233,Unknown,NOT_DELIVERED,MEDIUM,7400.39,2026-01-14 00:00:00,2026-01-25 01:55:00,11.08,IN_PROGRESS,NO_KYC_RECORD
CBK0001090,TXN00016195,USR39677,MCH9763,Hotels & Lodging,NOT_DELIVERED,LOW,471.0,2026-03-11 00:00:00,2026-03-22 01:33:06,11.06,OPEN,NO_KYC_RECORD
CBK0001980,TXN00000841,USR37057,MCH7425,Restaurants,NOT_DELIVERED,LOW,2083.96,2026-01-31 00:00:00,2026-02-11 01:12:41,11.05,CLOSED,VERIFIED
CBK0000675,TXN00002371,USR62282,MCH8855,Restaurants,SERVICE_NOT_PROVIDED,MEDIUM,7577.71,2026-02-26 00:00:00,2026-03-09 00:00:00,11.0,REJECTED,NO_KYC_RECORD
CBK0001786,TXN00091289,USR77896,MCH8389,Restaurants,SERVICE_NOT_PROVIDED,CRITICAL,954.04,2026-03-08 00:00:00,2026-03-19 00:00:00,11.0,RESOLVED,PENDING
CBK0001566,TXN00004832,USR40258,MCH7108,Grocery,UNAUTHORIZED_TXN,MEDIUM,1582.6,2026-01-15 00:00:00,2026-01-26 00:00:00,11.0,IN_PROGRESS,IN_REVIEW
CBK0002070,TXN00002337,USR28927,MCH7757,Hotels & Lodging,FRAUD_SUSPECTED,CRITICAL,11411.35,2026-02-24 00:00:00,2026-03-07 00:00:00,11.0,CLOSED,VERIFIED
CBK0002268,TXN00008063,USR52458,MCH1847,Restaurants,GENERAL_DISPUTE,HIGH,2296.42,2026-03-08 00:00:00,2026-03-19 00:00:00,11.0,OPEN,NO_KYC_RECORD
CBK0000027,TXN00014669,USR36442,MCH1454,Restaurants,FRAUD_SUSPECTED,LOW,1596.0,2026-02-10 00:00:00,2026-02-21 00:00:00,11.0,RESOLVED,NO_KYC_RECORD
CBK0001743,TXN00005081,USR35237,MCH7537,Transportation,ACCOUNT_TAKEOVER,LOW,782.28,2026-01-10 00:00:00,2026-01-21 00:00:00,11.0,RESOLVED,NO_KYC_RECORD
CBK0001873,TXN00015156,USR37497,MCH4255,Grocery,NOT_DELIVERED,LOW,743.67,2026-03-30 00:00:00,2026-04-10 00:00:00,11.0,OPEN,NO_KYC_RECORD
CBK0002402,TXN00015883,USR27103,MCH9400,Misc Retail,SERVICE_NOT_PROVIDED,MEDIUM,2183.47,2026-01-08 00:00:00,2026-01-19 00:00:00,11.0,CLOSED,NO_KYC_RECORD
CBK0001495,TXN00014774,USR99049,MCH7269,Grocery,UNAUTHORIZED_TXN,LOW,2478.18,2026-03-23 00:00:00,2026-04-03 00:00:00,11.0,REJECTED,PENDING
CBK0002104,TXN00006293,USR54588,MCH3362,Pharmacy,DUPLICATE_DEBIT,LOW,2214.27,2026-01-08 00:00:00,2026-01-19 00:00:00,11.0,REJECTED,NO_KYC_RECORD
CBK0000356,TXN00001423,USR27263,MCH4001,Hotels & Lodging,UNAUTHORIZED_TXN,MEDIUM,6009.85,2026-03-22 00:00:00,2026-04-02 00:00:00,11.0,OPEN,NO_KYC_RECORD
CBK0001193,TXN00014849,USR75691,MCH7413,Department Stores,DUPLICATE_DEBIT,HIGH,2302.0,2026-01-19 00:00:00,2026-01-30 00:00:00,11.0,REJECTED,NO_KYC_RECORD
CBK0002095,TXN00004933,USR45084,MCH1537,Transportation,NOT_DELIVERED,LOW,4720.79,2026-01-26 00:00:00,2026-02-06 00:00:00,11.0,CLOSED,VERIFIED
CBK0000843,TXN00014470,USR35787,MCH3325,Restaurants,SERVICE_NOT_PROVIDED,LOW,5379.63,2026-03-14 00:00:00,2026-03-25 00:04:00,11.0,REJECTED,VERIFIED
CBK0000824,TXN00078658,USR57147,MCH4226,Unknown,WRONG_AMOUNT,CRITICAL,2283.69,2026-02-18 00:00:00,2026-03-01 00:00:00,11.0,CLOSED,VERIFIED
CBK0001190,TXN00017091,USR51274,MCH1121,Hotels & Lodging,ACCOUNT_TAKEOVER,HIGH,2254.1,2026-02-17 00:00:00,2026-02-28 00:00:00,11.0,OPEN,NO_KYC_RECORD
CBK0000898,TXN00012927,USR86802,MCH2204,Pharmacy,UNAUTHORIZED_TXN,MEDIUM,10469.4,2026-03-11 00:00:00,2026-03-22 00:00:00,11.0,REJECTED,VERIFIED
CBK0001258,TXN00017225,USR21245,MCH7583,Restaurants,FRAUD_SUSPECTED,LOW,4972.38,2026-02-28 00:00:00,2026-03-11 00:00:00,11.0,IN_PROGRESS,NO_KYC_RECORD
CBK0000738,TXN00018812,USR23953,MCH1690,Transportation,FRAUD_SUSPECTED,HIGH,15054.0,2026-01-05 00:00:00,2026-01-16 00:00:00,11.0,PENDING_BANK,NO_KYC_RECORD
CBK0000841,TXN00007967,USR34263,MCH4418,Unknown,NOT_DELIVERED,HIGH,6879.64,2026-03-31 00:00:00,2026-04-11 00:00:00,11.0,REJECTED,NO_KYC_RECORD
CBK0000869,TXN00011061,USR49221,MCH6567,Transportation,GENERAL_DISPUTE,LOW,211.84,2026-03-03 00:00:00,2026-03-14 00:00:00,11.0,CLOSED,NO_KYC_RECORD
CBK0001925,TXN00006637,USR32438,MCH8222,Unknown,NOT_DELIVERED,LOW,4001.0,2026-03-16 00:00:00,2026-03-27 00:00:00,11.0,IN_PROGRESS,NO_KYC_RECORD
CBK0000833,TXN00007902,USR86850,MCH8112,Transportation,DUPLICATE_DEBIT,HIGH,5099.0,2026-02-26 00:00:00,2026-03-09 00:00:00,11.0,IN_PROGRESS,VERIFIED
CBK0002446,TXN00018937,USR67402,MCH8810,Pharmacy,SERVICE_NOT_PROVIDED,CRITICAL,1097.4,2026-01-03 00:00:00,2026-01-14 00:00:00,11.0,CLOSED,NO_KYC_RECORD
CBK0002214,,USR72691,MCH3098,Unknown,NOT_DELIVERED,MEDIUM,3364.0,2026-02-03 00:00:00,2026-02-14 00:01:00,11.0,CLOSED,VERIFIED
CBK0000197,TXN00003861,USR99558,MCH1882,Restaurants,NOT_DELIVERED,CRITICAL,792.03,2026-01-10 00:00:00,2026-01-21 00:00:00,11.0,PENDING_BANK,NO_KYC_RECORD
CBK0002221,TXN00016939,USR19722,MCH5551,Grocery,GENERAL_DISPUTE,CRITICAL,27330.78,2026-02-24 00:00:00,2026-03-07 00:00:00,11.0,REJECTED,VERIFIED
CBK0000117,TXN00008534,USR15977,MCH4159,Transportation,GENERAL_DISPUTE,HIGH,652.86,2026-02-25 00:00:00,2026-03-08 00:00:00,11.0,PENDING_BANK,VERIFIED
CBK0000309,TXN00008361,USR67389,MCH2997,Transportation,GENERAL_DISPUTE,LOW,5163.82,2026-02-12 00:00:00,2026-02-23 00:00:00,11.0,OPEN,VERIFIED
CBK0002748,TXN00006778,USR13149,MCH5625,Transportation,SERVICE_NOT_PROVIDED,MEDIUM,1282.1,2026-03-22 00:00:00,2026-04-02 00:00:00,11.0,RESOLVED,NO_KYC_RECORD
CBK0001856,TXN00050572,USR56512,MCH3100,Unknown,DUPLICATE_DEBIT,CRITICAL,,2026-01-23 00:00:00,2026-02-03 00:00:00,11.0,IN_PROGRESS,NO_KYC_RECORD
CBK0000917,TXN00010215,USR66552,MCH2812,Hotels & Lodging,NOT_DELIVERED,MEDIUM,6899.7,2026-01-22 00:00:00,2026-02-01 23:51:18,10.99,PENDING_BANK,IN_REVIEW
CBK0000128,TXN00012176,USR23170,MCH2140,Hotels & Lodging,NOT_DELIVERED,LOW,4272.46,2026-03-26 00:00:00,2026-04-05 23:32:00,10.98,RESOLVED,NO_KYC_RECORD
CBK0000929,TXN00014710,USR53916,MCH6593,Transportation,UNAUTHORIZED_TXN,MEDIUM,3089.13,2026-01-23 13:11:04,2026-02-03 12:11:04,10.96,OPEN,NO_KYC_RECORD
CBK0000809,TXN00013144,USR34262,MCH6678,Unknown,UNAUTHORIZED_TXN,HIGH,688.92,2026-03-09 00:00:00,2026-03-19 23:09:00,10.96,PENDING_BANK,NO_KYC_RECORD
CBK0000094,TXN00011368,USR37297,MCH7308,Pharmacy,ACCOUNT_TAKEOVER,MEDIUM,3661.74,2026-03-04 00:00:00,2026-03-14 22:30:00,10.94,OPEN,NO_KYC_RECORD
CBK0002494,TXN00001169,USR95219,MCH4897,Transportation,GENERAL_DISPUTE,MEDIUM,6071.0,2026-01-23 11:36:50,2026-02-03 08:36:50,10.88,REJECTED,NO_KYC_RECORD
CBK0001245,TXN00014601,USR61745,MCH7179,Pharmacy,GENERAL_DISPUTE,LOW,689.0,2026-03-17 00:00:00,2026-03-27 20:30:00,10.85,PENDING_BANK,NO_KYC_RECORD
CBK0000322,TXN00019719,USR12187,MCH2896,Grocery,NOT_DELIVERED,HIGH,4373.83,2026-03-23 00:00:00,2026-04-02 20:20:18,10.85,CLOSED,NO_KYC_RECORD
CBK0000997,TXN00004554,USR96174,MCH3175,Unknown,DUPLICATE_DEBIT,MEDIUM,2266.29,2026-02-19 00:00:00,2026-03-01 20:11:18,10.84,OPEN,NO_KYC_RECORD
CBK0000918,,USR24555,MCH7951,Hotels & Lodging,DUPLICATE_DEBIT,HIGH,1207.12,2026-01-04 12:35:38,2026-01-15 08:35:00,10.83,IN_PROGRESS,VERIFIED
CBK0001763,TXN00006338,USR52000,MCH5007,Unknown,SERVICE_NOT_PROVIDED,LOW,1656.18,2026-02-14 00:00:00,2026-02-24 19:50:25,10.83,OPEN,VERIFIED
CBK0000996,TXN00000021,USR92868,MCH9274,Hotels & Lodging,GENERAL_DISPUTE,LOW,1284.05,2026-01-07 00:00:00,2026-01-17 19:42:38,10.82,REJECTED,NO_KYC_RECORD
CBK0000989,TXN00012972,USR31786,MCH6810,Grocery,UNAUTHORIZED_TXN,CRITICAL,1647.57,2026-03-03 18:36:37,2026-03-14 13:36:37,10.79,RESOLVED,NO_KYC_RECORD
CBK0001632,TXN00015576,USR63093,MCH1968,Hotels & Lodging,FRAUD_SUSPECTED,MEDIUM,448.44,2026-03-19 05:30:23,2026-03-30 00:00:00,10.77,PENDING_BANK,NO_KYC_RECORD
CBK0001838,TXN00014426,USR55594,MCH4220,Grocery,SERVICE_NOT_PROVIDED,MEDIUM,4193.52,2026-03-26 10:17:08,2026-04-06 04:17:08,10.75,OPEN,VERIFIED
CBK0002141,TXN00009768,USR84276,MCH3140,Grocery,UNAUTHORIZED_TXN,MEDIUM,2335.0,2026-03-20 00:00:00,2026-03-30 17:28:30,10.73,OPEN,NO_KYC_RECORD
CBK0000273,TXN00002139,USR90349,MCH2940,Pharmacy,GENERAL_DISPUTE,LOW,1116.32,2026-03-05 11:26:00,2026-03-16 04:26:00,10.71,OPEN,NO_KYC_RECORD
CBK0000205,TXN00009947,USR58522,MCH5097,Hotels & Lodging,UNAUTHORIZED_TXN,CRITICAL,8278.87,2026-01-24 11:39:04,2026-02-04 04:39:04,10.71,IN_PROGRESS,VERIFIED
CBK0001333,TXN00003302,USR25325,MCH9979,Restaurants,DUPLICATE_DEBIT,MEDIUM,1169.68,2026-03-23 00:00:00,2026-04-02 16:40:00,10.69,CLOSED,VERIFIED
CBK0001993,TXN00017510,USR68593,MCH6584,Restaurants,FRAUD_SUSPECTED,HIGH,788.58,2026-03-24 16:04:37,2026-04-04 08:04:37,10.67,CLOSED,NO_KYC_RECORD
CBK0002418,TXN00011396,USR91617,MCH5556,Pharmacy,SERVICE_NOT_PROVIDED,HIGH,205.54,2026-02-22 00:00:00,2026-03-04 15:55:09,10.66,OPEN,NO_KYC_RECORD
CBK0000864,TXN00058515,USR41631,MCH1320,Apparel,SERVICE_NOT_PROVIDED,HIGH,216.17,2026-01-21 00:00:00,2026-01-31 15:38:00,10.65,PENDING_BANK,VERIFIED
CBK0000494,TXN00017891,USR83012,MCH8335,Department Stores,NOT_DELIVERED,CRITICAL,3343.99,2026-01-01 08:32:31,2026-01-12 00:00:00,10.64,REJECTED,VERIFIED
CBK0002566,TXN00000405,USR46924,MCH7574,Pharmacy,NOT_DELIVERED,LOW,3060.38,2026-03-13 09:18:13,2026-03-24 00:00:00,10.61,IN_PROGRESS,NO_KYC_RECORD
CBK0001577,TXN00017992,USR75336,MCH3548,Transportation,NOT_DELIVERED,LOW,1697.0,2026-03-11 11:07:00,2026-03-22 01:07:00,10.58,REJECTED,NO_KYC_RECORD
CBK0001595,TXN00019657,USR94135,MCH3215,Restaurants,GENERAL_DISPUTE,MEDIUM,18735.0,2026-03-10 01:00:24,2026-03-20 14:00:00,10.54,CLOSED,NO_KYC_RECORD
CBK0001691,TXN00010383,USR79397,MCH5031,Transportation,NOT_DELIVERED,LOW,4163.19,2026-02-12 00:00:00,2026-02-22 12:37:00,10.53,REJECTED,REJECTED
CBK0000231,TXN00017060,USR55275,MCH1702,Unknown,GENERAL_DISPUTE,LOW,575.09,2026-03-25 11:16:26,2026-04-05 00:00:00,10.53,CLOSED,VERIFIED
CBK0002219,TXN00005580,USR30667,MCH3841,Hotels & Lodging,DUPLICATE_DEBIT,HIGH,3654.65,2026-01-14 11:35:35,2026-01-25 00:00:00,10.52,RESOLVED,NO_KYC_RECORD
CBK0001509,TXN00011866,USR42818,MCH1592,Grocery,SERVICE_NOT_PROVIDED,LOW,628.55,2026-02-16 12:27:00,2026-02-27 00:00:00,10.48,RESOLVED,NO_KYC_RECORD
CBK0000592,TXN00018501,USR19018,MCH5938,Pharmacy,DUPLICATE_DEBIT,LOW,1061.55,2026-02-23 20:45:37,2026-03-06 07:45:00,10.46,OPEN,NO_KYC_RECORD
CBK0002204,TXN00009040,USR71198,MCH9548,Transportation,SERVICE_NOT_PROVIDED,HIGH,1600.6,2026-01-05 13:37:21,2026-01-16 00:00:00,10.43,IN_PROGRESS,NO_KYC_RECORD
CBK0000781,TXN00004717,USR26217,MCH9840,Grocery,SERVICE_NOT_PROVIDED,HIGH,22390.0,2026-01-11 05:47:02,2026-01-21 15:47:02,10.42,PENDING_BANK,NO_KYC_RECORD
CBK0001052,TXN00015908,USR39861,MCH2256,Pharmacy,GENERAL_DISPUTE,MEDIUM,540.0,2026-01-21 00:00:00,2026-01-31 09:49:28,10.41,PENDING_BANK,VERIFIED
CBK0001682,TXN00010834,USR32409,MCH3539,Grocery,DUPLICATE_DEBIT,MEDIUM,1750.36,2026-03-12 15:00:00,2026-03-23 00:00:00,10.38,IN_PROGRESS,NO_KYC_RECORD
CBK0000334,TXN00015310,USR22883,MCH5362,Grocery,NOT_DELIVERED,LOW,3904.6,2026-03-07 11:51:47,2026-03-17 20:51:47,10.38,IN_PROGRESS,VERIFIED
CBK0002376,TXN00004589,USR97555,MCH5876,Unknown,UNAUTHORIZED_TXN,MEDIUM,1100.37,2026-01-20 11:45:52,2026-01-30 20:45:00,10.37,IN_PROGRESS,NO_KYC_RECORD
CBK0002000,TXN00006334,USR83227,MCH9533,Hotels & Lodging,DUPLICATE_DEBIT,MEDIUM,1206.9,2026-01-29 15:04:00,2026-02-09 00:00:00,10.37,IN_PROGRESS,NO_KYC_RECORD
CBK0001828,TXN00016623,USR82423,MCH6637,Transportation,ACCOUNT_TAKEOVER,HIGH,818.66,2026-01-05 00:00:00,2026-01-15 08:21:37,10.35,PENDING_BANK,VERIFIED
CBK0000328,TXN00011489,USR35220,MCH1964,Grocery,ACCOUNT_TAKEOVER,LOW,1419.0,2026-01-15 19:54:07,2026-01-26 04:02:00,10.34,CLOSED,NO_KYC_RECORD
CBK0002193,TXN00017969,USR84923,MCH1302,Pharmacy,FRAUD_SUSPECTED,MEDIUM,2501.0,2026-03-29 15:46:42,2026-04-09 00:00:00,10.34,OPEN,NO_KYC_RECORD
CBK0000335,TXN00001134,USR94179,MCH9163,Grocery,GENERAL_DISPUTE,HIGH,1881.35,2026-03-06 21:05:23,2026-03-17 05:05:00,10.33,PENDING_BANK,IN_REVIEW
CBK0002699,TXN00004968,USR10191,MCH5661,Grocery,ACCOUNT_TAKEOVER,HIGH,686.93,2026-02-09 02:29:10,2026-02-19 10:29:00,10.33,IN_PROGRESS,NO_KYC_RECORD
CBK0000312,TXN00013916,USR71133,MCH2828,Hotels & Lodging,GENERAL_DISPUTE,MEDIUM,804.06,2026-01-31 15:10:08,2026-02-10 22:10:08,10.29,CLOSED,NO_KYC_RECORD
CBK0000840,TXN00018717,USR60895,MCH6442,Restaurants,SERVICE_NOT_PROVIDED,LOW,4563.14,2026-02-20 08:58:00,2026-03-02 15:58:44,10.29,PENDING_BANK,VERIFIED
CBK0002456,TXN00015278,USR30388,MCH9579,Hotels & Lodging,WRONG_AMOUNT,MEDIUM,1070.58,2026-03-29 13:39:54,2026-04-08 19:39:54,10.25,RESOLVED,NO_KYC_RECORD
CBK0002696,TXN00011475,USR47960,MCH6305,Transportation,GENERAL_DISPUTE,MEDIUM,2769.32,2026-02-20 13:52:14,2026-03-02 19:52:14,10.25,OPEN,NO_KYC_RECORD
CBK0000870,TXN00013994,USR42244,MCH2149,Transportation,DUPLICATE_DEBIT,MEDIUM,522.4,2026-01-31 18:42:40,2026-02-11 00:00:00,10.22,REJECTED,NO_KYC_RECORD
CBK0002046,TXN00013381,USR99055,MCH2893,Pharmacy,NOT_DELIVERED,LOW,1684.52,2026-01-08 16:33:00,2026-01-18 21:33:00,10.21,REJECTED,NO_KYC_RECORD
CBK0001842,TXN00012727,USR10698,MCH9761,Grocery,WRONG_AMOUNT,CRITICAL,847.6,2026-03-26 05:18:01,2026-04-05 10:18:01,10.21,CLOSED,NO_KYC_RECORD
CBK0001562,TXN00018017,USR49986,MCH1783,Restaurants,GENERAL_DISPUTE,MEDIUM,1017.08,2026-02-07 03:36:00,2026-02-17 08:36:00,10.21,OPEN,VERIFIED
CBK0001355,TXN00002926,USR30575,MCH1382,Transportation,NOT_DELIVERED,HIGH,6014.84,2026-03-08 18:59:00,2026-03-19 00:00:00,10.21,REJECTED,NO_KYC_RECORD
CBK0001424,TXN00014077,USR13364,MCH2960,Pharmacy,UNAUTHORIZED_TXN,HIGH,411.2,2026-03-16 19:03:13,2026-03-27 00:00:00,10.21,IN_PROGRESS,NO_KYC_RECORD
CBK0002782,TXN00004814,USR89332,MCH6538,Restaurants,FRAUD_SUSPECTED,LOW,12799.39,2026-03-09 04:06:54,2026-03-19 07:06:00,10.12,REJECTED,VERIFIED
CBK0000450,TXN00001983,USR52842,MCH8387,Grocery,UNAUTHORIZED_TXN,HIGH,1315.22,2026-03-01 22:52:22,2026-03-12 00:00:00,10.05,CLOSED,NO_KYC_RECORD
CBK0002120,TXN00008067,USR87526,MCH8652,Transportation,NOT_DELIVERED,CRITICAL,14279.05,2026-01-17 00:08:00,2026-01-27 01:08:22,10.04,IN_PROGRESS,NO_KYC_RECORD
CBK0002525,TXN00009115,USR44704,MCH9999,Pharmacy,FRAUD_SUSPECTED,LOW,1575.8,2026-02-03 23:08:00,2026-02-14 00:08:00,10.04,OPEN,VERIFIED
CBK0000183,TXN00018275,USR76999,MCH1704,Grocery,WRONG_AMOUNT,LOW,894.24,2026-03-29 06:16:45,2026-04-08 07:16:00,10.04,REJECTED,VERIFIED
CBK0002413,TXN00012907,USR70265,MCH6848,Department Stores,FRAUD_SUSPECTED,LOW,14365.1,2026-03-28 23:07:22,2026-04-08 00:00:00,10.04,REJECTED,NO_KYC_RECORD
CBK0001770,TXN00001025,USR51333,MCH5340,Restaurants,NOT_DELIVERED,MEDIUM,5150.06,2026-02-24 23:35:00,2026-03-07 00:00:00,10.02,CLOSED,NO_KYC_RECORD
CBK0002703,TXN00019588,USR13788,MCH4283,Restaurants,GENERAL_DISPUTE,MEDIUM,22589.25,2026-01-14 23:39:02,2026-01-25 00:00:00,10.01,CLOSED,VERIFIED
CBK0001332,TXN00009814,USR61976,MCH5485,Hotels & Lodging,NOT_DELIVERED,MEDIUM,1195.47,2026-01-22 00:00:00,2026-02-01 00:00:00,10.0,IN_PROGRESS,VERIFIED
CBK0000889,TXN00015963,USR91931,MCH1310,Unknown,FRAUD_SUSPECTED,MEDIUM,3356.0,2026-01-12 00:00:00,2026-01-22 00:00:00,10.0,IN_PROGRESS,NO_KYC_RECORD
CBK0000358,TXN00015992,USR49340,MCH7201,Restaurants,ACCOUNT_TAKEOVER,HIGH,6937.41,2026-02-28 00:00:00,2026-03-10 00:00:00,10.0,REJECTED,NO_KYC_RECORD
CBK0000832,TXN00014106,USR45125,MCH4038,Pharmacy,UNAUTHORIZED_TXN,LOW,1547.17,2026-01-21 23:25:00,2026-01-31 23:25:00,10.0,OPEN,VERIFIED
CBK0000122,TXN00015011,USR80080,MCH5705,Transportation,UNAUTHORIZED_TXN,LOW,1339.61,2026-02-25 00:00:00,2026-03-07 00:00:00,10.0,IN_PROGRESS,REJECTED
CBK0000565,TXN00007016,USR62250,MCH3779,Hotels & Lodging,ACCOUNT_TAKEOVER,HIGH,1144.6,2026-02-05 00:00:00,2026-02-15 00:00:00,10.0,REJECTED,NO_KYC_RECORD
CBK0002655,TXN00002868,USR68914,MCH3520,Restaurants,SERVICE_NOT_PROVIDED,HIGH,860.7,2026-02-20 23:55:00,2026-03-03 00:00:00,10.0,PENDING_BANK,VERIFIED
CBK0000232,TXN00019245,USR52299,MCH6960,Grocery,GENERAL_DISPUTE,LOW,2823.84,2026-01-01 00:00:00,2026-01-11 00:00:00,10.0,RESOLVED,VERIFIED
CBK0002588,TXN00008732,USR78738,MCH6664,Pharmacy,DUPLICATE_DEBIT,HIGH,3491.72,2026-03-22 00:00:00,2026-04-01 00:00:00,10.0,CLOSED,VERIFIED
CBK0000879,TXN00018041,USR59914,MCH5940,Restaurants,FRAUD_SUSPECTED,LOW,479.19,2026-03-14 00:00:00,2026-03-24 00:00:00,10.0,PENDING_BANK,NO_KYC_RECORD
CBK0002562,TXN00001105,USR85069,MCH9299,Grocery,UNAUTHORIZED_TXN,LOW,310.15,2026-01-13 00:00:00,2026-01-23 00:00:00,10.0,OPEN,VERIFIED
CBK0000495,TXN00010199,USR86226,MCH7368,Grocery,SERVICE_NOT_PROVIDED,HIGH,3450.0,2026-01-17 00:00:00,2026-01-27 00:00:00,10.0,IN_PROGRESS,VERIFIED
CBK0002234,TXN00016207,USR45865,MCH8027,Unknown,ACCOUNT_TAKEOVER,HIGH,1383.0,2026-01-13 00:00:00,2026-01-23 00:00:00,10.0,PENDING_BANK,VERIFIED
CBK0000523,TXN00014885,USR99056,MCH8900,Hotels & Lodging,GENERAL_DISPUTE,HIGH,573.0,2026-01-16 00:00:00,2026-01-26 00:00:00,10.0,IN_PROGRESS,NO_KYC_RECORD
CBK0000839,TXN00014620,USR16125,MCH8539,Hotels & Lodging,ACCOUNT_TAKEOVER,MEDIUM,501.3,2026-03-20 00:00:00,2026-03-30 00:00:00,10.0,RESOLVED,REJECTED
CBK0001047,TXN00016988,USR29952,MCH6716,Transportation,WRONG_AMOUNT,MEDIUM,7039.95,2026-02-25 00:00:00,2026-03-07 00:00:00,10.0,REJECTED,NO_KYC_RECORD
CBK0002669,TXN00019872,USR69849,MCH1881,Pharmacy,WRONG_AMOUNT,MEDIUM,2597.87,2026-02-28 00:00:00,2026-03-10 00:00:00,10.0,IN_PROGRESS,VERIFIED
CBK0002603,TXN00009920,USR12879,MCH3594,Grocery,FRAUD_SUSPECTED,LOW,1507.51,2026-02-25 00:00:00,2026-03-07 00:00:00,10.0,PENDING_BANK,VERIFIED
CBK0001261,TXN00001742,USR21853,MCH3213,Grocery,FRAUD_SUSPECTED,LOW,1286.87,2026-01-24 00:00:00,2026-02-03 00:00:00,10.0,IN_PROGRESS,NO_KYC_RECORD
CBK0002725,TXN00008319,USR87738,MCH9164,Apparel,UNAUTHORIZED_TXN,LOW,21445.56,2026-03-01 00:00:00,2026-03-11 00:00:00,10.0,CLOSED,REJECTED
CBK0001490,TXN00003514,USR96489,MCH8003,Transportation,SERVICE_NOT_PROVIDED,MEDIUM,1510.93,2026-03-15 00:00:00,2026-03-25 00:00:00,10.0,PENDING_BANK,NO_KYC_RECORD
CBK0002348,TXN00012938,USR62531,MCH4765,Grocery,ACCOUNT_TAKEOVER,LOW,3749.0,2026-03-09 00:00:00,2026-03-19 00:00:00,10.0,OPEN,NO_KYC_RECORD
CBK0002657,TXN00017047,USR61500,MCH8566,Restaurants,FRAUD_SUSPECTED,LOW,1731.53,2026-01-26 00:00:00,2026-02-05 00:00:00,10.0,IN_PROGRESS,NO_KYC_RECORD
CBK0002625,TXN00004157,USR15768,MCH8763,Transportation,GENERAL_DISPUTE,LOW,269.0,2026-01-25 00:00:00,2026-02-04 00:00:00,10.0,OPEN,NO_KYC_RECORD
CBK0002026,TXN00019737,USR22518,MCH3557,Grocery,DUPLICATE_DEBIT,MEDIUM,174.11,2026-01-13 00:00:00,2026-01-23 00:00:00,10.0,RESOLVED,NO_KYC_RECORD
CBK0002789,TXN00000255,USR70370,MCH6653,Grocery,DUPLICATE_DEBIT,MEDIUM,2178.8,2026-01-06 00:00:00,2026-01-16 00:00:00,10.0,IN_PROGRESS,NO_KYC_RECORD
CBK0002136,TXN00005344,USR34217,MCH3143,Restaurants,ACCOUNT_TAKEOVER,HIGH,1422.0,2026-03-24 00:00:00,2026-04-03 00:00:00,10.0,CLOSED,VERIFIED
CBK0002742,TXN00015781,USR21050,MCH8270,Pharmacy,ACCOUNT_TAKEOVER,MEDIUM,3126.09,2026-02-10 00:00:00,2026-02-20 00:00:00,10.0,IN_PROGRESS,NO_KYC_RECORD
CBK0001226,TXN00014655,USR21023,MCH4690,Grocery,DUPLICATE_DEBIT,HIGH,290.31,2026-01-19 00:00:00,2026-01-29 00:00:00,10.0,PENDING_BANK,NO_KYC_RECORD
CBK0000754,TXN00001826,USR64044,MCH3082,Transportation,GENERAL_DISPUTE,MEDIUM,895.55,2026-02-28 00:00:00,2026-03-10 00:00:00,10.0,PENDING_BANK,NO_KYC_RECORD
CBK0001442,TXN00004821,USR43152,MCH9236,Grocery,DUPLICATE_DEBIT,LOW,165.89,2026-03-08 00:00:00,2026-03-18 00:00:00,10.0,CLOSED,NO_KYC_RECORD
CBK0001999,TXN00013752,USR86751,MCH3816,Grocery,NOT_DELIVERED,HIGH,1283.33,2026-03-02 00:00:00,2026-03-12 00:00:00,10.0,PENDING_BANK,NO_KYC_RECORD
CBK0001182,TXN00014058,USR73475,MCH5891,Pharmacy,DUPLICATE_DEBIT,CRITICAL,581.96,2026-01-09 00:00:00,2026-01-19 00:00:00,10.0,OPEN,REJECTED
CBK0001947,TXN00018820,USR64723,MCH9870,Transportation,WRONG_AMOUNT,LOW,7255.27,2026-02-20 00:00:00,2026-03-02 00:00:00,10.0,RESOLVED,PENDING
CBK0002515,TXN00019171,USR92696,MCH1728,Unknown,WRONG_AMOUNT,LOW,3429.44,2026-03-30 00:00:00,2026-04-09 00:00:00,10.0,RESOLVED,NO_KYC_RECORD
CBK0001648,TXN00003335,USR35035,MCH5447,Grocery,UNAUTHORIZED_TXN,HIGH,1426.02,2026-03-28 00:00:00,2026-04-07 00:00:00,10.0,PENDING_BANK,VERIFIED
CBK0000262,TXN00000442,USR80121,MCH2926,Grocery,DUPLICATE_DEBIT,LOW,3270.0,2026-03-29 00:00:00,2026-04-08 00:00:00,10.0,RESOLVED,PENDING
CBK0001324,TXN00002901,USR78616,MCH4802,Department Stores,FRAUD_SUSPECTED,MEDIUM,668.0,2026-03-19 00:00:00,2026-03-29 00:00:00,10.0,OPEN,NO_KYC_RECORD
CBK0000737,TXN00008826,USR98228,MCH1710,Pharmacy,ACCOUNT_TAKEOVER,LOW,1347.43,2026-01-14 00:00:00,2026-01-24 00:00:00,10.0,OPEN,NO_KYC_RECORD
CBK0000554,TXN00016199,USR38238,MCH7978,Restaurants,ACCOUNT_TAKEOVER,HIGH,4366.91,2026-03-03 00:00:00,2026-03-13 00:00:00,10.0,IN_PROGRESS,NO_KYC_RECORD
CBK0000140,TXN00001801,USR30317,MCH8669,Pharmacy,GENERAL_DISPUTE,LOW,2789.99,2026-02-26 07:20:00,2026-03-08 07:20:00,10.0,IN_PROGRESS,NO_KYC_RECORD
CBK0001796,TXN00014147,USR50826,MCH5216,Unknown,ACCOUNT_TAKEOVER,LOW,2551.0,2026-02-12 00:00:00,2026-02-22 00:00:00,10.0,IN_PROGRESS,NO_KYC_RECORD
CBK0000357,TXN00002320,USR90746,MCH7367,Grocery,SERVICE_NOT_PROVIDED,MEDIUM,911.59,2026-01-02 00:00:00,2026-01-12 00:00:00,10.0,PENDING_BANK,NO_KYC_RECORD
CBK0002298,TXN00017266,USR79546,MCH9537,Grocery,FRAUD_SUSPECTED,HIGH,260.19,2026-01-20 01:05:38,2026-01-30 00:00:00,9.95,PENDING_BANK,NO_KYC_RECORD
CBK0000164,TXN00010786,USR32376,MCH5569,Grocery,DUPLICATE_DEBIT,MEDIUM,2135.0,2026-01-08 02:00:24,2026-01-18 00:00:00,9.92,CLOSED,NO_KYC_RECORD
CBK0002564,TXN00013473,USR36784,MCH4042,Restaurants,GENERAL_DISPUTE,MEDIUM,2485.28,2026-02-16 02:17:00,2026-02-26 00:00:00,9.9,PENDING_BANK,NO_KYC_RECORD
CBK0000286,TXN00017361,USR85909,MCH8351,Pharmacy,UNAUTHORIZED_TXN,LOW,1755.45,2026-02-01 02:57:51,2026-02-11 00:00:00,9.88,IN_PROGRESS,NO_KYC_RECORD
CBK0002350,TXN00064529,USR90246,MCH9480,Unknown,UNAUTHORIZED_TXN,MEDIUM,472.0,2026-02-27 02:51:00,2026-03-09 00:00:00,9.88,REJECTED,VERIFIED
CBK0001496,TXN00012480,USR75541,MCH3696,Transportation,FRAUD_SUSPECTED,HIGH,2178.0,2026-02-09 02:52:00,2026-02-19 00:00:00,9.88,CLOSED,VERIFIED
CBK0000452,TXN00002107,USR51111,MCH3494,Grocery,SERVICE_NOT_PROVIDED,HIGH,6251.19,2026-02-28 04:18:55,2026-03-10 00:00:00,9.82,REJECTED,VERIFIED
CBK0000602,TXN00015729,USR59541,MCH1329,Pharmacy,DUPLICATE_DEBIT,HIGH,5873.9,2026-01-23 05:08:36,2026-02-02 00:00:00,9.79,REJECTED,NO_KYC_RECORD
CBK0001338,TXN00008410,USR56194,MCH2164,Grocery,GENERAL_DISPUTE,MEDIUM,896.23,2026-01-20 08:42:27,2026-01-30 00:00:00,9.64,CLOSED,NO_KYC_RECORD
CBK0000066,TXN00017748,USR61630,MCH9572,Pharmacy,SERVICE_NOT_PROVIDED,LOW,1855.0,2026-02-02 09:40:09,2026-02-12 00:00:00,9.6,REJECTED,VERIFIED
CBK0001188,,USR99905,MCH7881,Department Stores,UNAUTHORIZED_TXN,HIGH,6211.43,2026-02-10 09:30:00,2026-02-20 00:00:00,9.6,CLOSED,NO_KYC_RECORD
CBK0002688,TXN00016086,USR21584,MCH1301,Transportation,UNAUTHORIZED_TXN,HIGH,756.07,2026-03-27 10:48:00,2026-04-06 00:00:00,9.55,OPEN,VERIFIED
CBK0001372,TXN00001655,USR39017,MCH7349,Pharmacy,UNAUTHORIZED_TXN,CRITICAL,2589.0,2026-03-28 13:08:53,2026-04-07 00:00:00,9.45,CLOSED,NO_KYC_RECORD
CBK0002733,TXN00015766,USR35469,MCH8466,Pharmacy,ACCOUNT_TAKEOVER,LOW,198.26,2026-03-26 15:10:36,2026-04-05 00:00:00,9.37,OPEN,NO_KYC_RECORD
CBK0000807,TXN00017317,USR62863,MCH1700,Restaurants,WRONG_AMOUNT,MEDIUM,8056.19,2026-01-04 01:17:05,2026-01-13 05:52:57,9.19,IN_PROGRESS,NO_KYC_RECORD
CBK0001547,TXN00019722,USR39613,MCH5339,Grocery,WRONG_AMOUNT,HIGH,11641.0,2026-02-07 20:23:00,2026-02-17 00:00:00,9.15,IN_PROGRESS,NO_KYC_RECORD
CBK0000404,TXN00007870,USR57399,MCH3223,Grocery,DUPLICATE_DEBIT,HIGH,1860.61,2026-01-28 00:00:00,2026-02-05 18:07:51,8.76,IN_PROGRESS,NO_KYC_RECORD
CBK0001704,TXN00005100,USR25450,MCH9045,Grocery,ACCOUNT_TAKEOVER,LOW,3671.61,2026-03-11 00:00:00,2026-03-19 18:04:00,8.75,IN_PROGRESS,NO_KYC_RECORD
CBK0002397,TXN00012053,USR76930,MCH8292,Restaurants,UNAUTHORIZED_TXN,CRITICAL,1200.13,2026-01-05 00:00:00,2026-01-13 16:15:15,8.68,RESOLVED,NO_KYC_RECORD
CBK0001927,TXN00011359,USR82456,MCH1525,Grocery,ACCOUNT_TAKEOVER,MEDIUM,6170.83,2026-03-14 00:00:00,2026-03-22 14:50:33,8.62,CLOSED,NO_KYC_RECORD
CBK0001249,TXN00003498,USR97123,MCH3745,Pharmacy,FRAUD_SUSPECTED,MEDIUM,3661.3,2026-03-31 00:00:00,2026-04-08 14:29:36,8.6,RESOLVED,NO_KYC_RECORD
CBK0002377,TXN00019402,USR38932,MCH8509,Restaurants,GENERAL_DISPUTE,MEDIUM,12504.59,2026-01-11 00:00:00,2026-01-19 13:52:07,8.58,PENDING_BANK,VERIFIED
CBK0002286,TXN00007923,USR21736,MCH7090,Unknown,NOT_DELIVERED,MEDIUM,2225.43,2026-01-30 00:00:00,2026-02-07 13:24:35,8.56,PENDING_BANK,NO_KYC_RECORD
CBK0002622,TXN00018833,USR37690,MCH5431,Grocery,UNAUTHORIZED_TXN,CRITICAL,451.83,2026-02-05 00:00:00,2026-02-13 13:09:19,8.55,RESOLVED,VERIFIED
CBK0001418,TXN00017042,USR13975,MCH7105,Telecom,NOT_DELIVERED,LOW,1707.0,2026-01-14 00:00:00,2026-01-22 12:51:19,8.54,RESOLVED,VERIFIED
CBK0002149,TXN00011510,USR87929,MCH8044,Pharmacy,FRAUD_SUSPECTED,LOW,7271.24,2026-01-13 00:00:00,2026-01-21 11:12:17,8.47,OPEN,VERIFIED
CBK0000988,TXN00007940,USR41230,MCH5335,Restaurants,ACCOUNT_TAKEOVER,HIGH,1608.0,2026-03-14 00:00:00,2026-03-22 11:13:00,8.47,CLOSED,VERIFIED
CBK0000370,,USR68023,MCH2511,Unknown,DUPLICATE_DEBIT,MEDIUM,3719.71,2026-02-18 00:00:00,2026-02-26 09:56:26,8.41,CLOSED,NO_KYC_RECORD
CBK0000259,TXN00017504,USR98841,MCH4476,Restaurants,UNAUTHORIZED_TXN,LOW,12647.35,2026-01-22 00:00:00,2026-01-30 09:27:00,8.39,IN_PROGRESS,VERIFIED
CBK0001041,TXN00010337,USR68525,MCH5111,Grocery,FRAUD_SUSPECTED,LOW,2203.0,2026-01-05 00:00:00,2026-01-13 08:17:17,8.35,PENDING_BANK,NO_KYC_RECORD
CBK0001706,TXN00012764,USR66261,MCH4345,Grocery,SERVICE_NOT_PROVIDED,MEDIUM,9737.34,2026-03-10 00:00:00,2026-03-18 08:08:27,8.34,CLOSED,NO_KYC_RECORD
CBK0001643,TXN00000106,USR93616,MCH6435,Hotels & Lodging,UNAUTHORIZED_TXN,CRITICAL,7755.19,2026-02-11 00:00:00,2026-02-19 08:16:00,8.34,PENDING_BANK,VERIFIED
CBK0001969,TXN00002091,USR60961,MCH6701,Grocery,ACCOUNT_TAKEOVER,HIGH,497.48,2026-03-21 00:00:00,2026-03-29 07:59:18,8.33,REJECTED,NO_KYC_RECORD
CBK0002798,TXN00066039,USR24087,MCH6965,Pharmacy,SERVICE_NOT_PROVIDED,LOW,1372.0,2026-01-14 00:00:00,2026-01-22 06:27:51,8.27,RESOLVED,NO_KYC_RECORD
CBK0000196,TXN00005107,USR18292,MCH3164,Grocery,NOT_DELIVERED,MEDIUM,1023.0,2026-01-04 00:00:00,2026-01-12 05:57:59,8.25,PENDING_BANK,NO_KYC_RECORD
CBK0001573,TXN00015673,USR38597,MCH2683,Grocery,FRAUD_SUSPECTED,MEDIUM,4952.21,2026-02-21 00:00:00,2026-03-01 04:47:00,8.2,CLOSED,VERIFIED
CBK0002137,TXN00008657,USR64264,MCH2004,Transportation,FRAUD_SUSPECTED,LOW,4252.24,2026-02-23 00:00:00,2026-03-03 03:32:50,8.15,OPEN,NO_KYC_RECORD
CBK0001667,TXN00003837,USR90616,MCH7223,Pharmacy,NOT_DELIVERED,HIGH,723.24,2026-01-04 00:00:00,2026-01-12 03:14:58,8.14,OPEN,NO_KYC_RECORD
CBK0000147,TXN00003927,USR43442,MCH1223,Grocery,WRONG_AMOUNT,LOW,875.3,2026-02-09 00:00:00,2026-02-17 03:26:55,8.14,CLOSED,IN_REVIEW
CBK0000590,TXN00018358,USR18378,MCH9696,Grocery,WRONG_AMOUNT,HIGH,1889.21,2026-03-12 00:00:00,2026-03-20 03:25:00,8.14,RESOLVED,VERIFIED
CBK0001523,TXN00010463,USR60546,MCH7488,Grocery,UNAUTHORIZED_TXN,MEDIUM,24351.04,2026-01-15 00:00:00,2026-01-23 03:12:56,8.13,IN_PROGRESS,NO_KYC_RECORD
CBK0001203,TXN00014456,USR50579,MCH6621,Grocery,NOT_DELIVERED,LOW,14382.17,2026-02-20 00:00:00,2026-02-28 02:46:45,8.12,IN_PROGRESS,NO_KYC_RECORD
CBK0000111,TXN00019912,USR30976,MCH7407,Hotels & Lodging,SERVICE_NOT_PROVIDED,LOW,2124.72,2026-02-28 00:00:00,2026-03-08 00:41:12,8.03,OPEN,NO_KYC_RECORD
CBK0000190,TXN00009749,USR49499,MCH8965,Transportation,WRONG_AMOUNT,LOW,193.15,2026-01-15 00:00:00,2026-01-23 00:00:00,8.0,RESOLVED,NO_KYC_RECORD
CBK0000982,TXN00011350,USR27797,MCH9295,Hotels & Lodging,NOT_DELIVERED,MEDIUM,188.6,2026-01-06 00:00:00,2026-01-14 00:00:00,8.0,CLOSED,VERIFIED
CBK0001046,TXN00007145,USR97518,MCH9908,Hotels & Lodging,ACCOUNT_TAKEOVER,LOW,5884.78,2026-02-02 00:00:00,2026-02-10 00:00:00,8.0,OPEN,NO_KYC_RECORD
CBK0002548,TXN00003431,USR95682,MCH2026,Pharmacy,SERVICE_NOT_PROVIDED,MEDIUM,3242.15,2026-01-01 00:00:00,2026-01-09 00:00:00,8.0,OPEN,NO_KYC_RECORD
CBK0001713,TXN00019900,USR64965,MCH1949,Grocery,SERVICE_NOT_PROVIDED,MEDIUM,4072.76,2026-01-19 00:00:00,2026-01-27 00:00:00,8.0,IN_PROGRESS,NO_KYC_RECORD
CBK0001474,TXN00008578,USR19658,MCH7896,Hotels & Lodging,UNAUTHORIZED_TXN,MEDIUM,3771.28,2026-02-05 00:00:00,2026-02-13 00:00:00,8.0,OPEN,NO_KYC_RECORD
CBK0001326,TXN00017532,USR15333,MCH8217,Unknown,WRONG_AMOUNT,LOW,2971.18,2026-01-22 00:00:00,2026-01-30 00:00:00,8.0,REJECTED,NO_KYC_RECORD
CBK0001863,TXN00004455,USR99175,MCH4180,Grocery,FRAUD_SUSPECTED,MEDIUM,559.19,2026-01-24 00:00:00,2026-02-01 00:00:00,8.0,RESOLVED,NO_KYC_RECORD
CBK0002571,TXN00011546,USR14536,MCH8905,Transportation,DUPLICATE_DEBIT,LOW,3305.27,2026-01-26 00:00:00,2026-02-03 00:00:00,8.0,REJECTED,VERIFIED
CBK0002177,TXN00018087,USR30849,MCH7873,Restaurants,SERVICE_NOT_PROVIDED,LOW,2152.04,2026-01-07 00:00:00,2026-01-15 00:00:00,8.0,REJECTED,NO_KYC_RECORD
CBK0002445,TXN00087166,USR20310,MCH3100,Unknown,ACCOUNT_TAKEOVER,MEDIUM,2084.49,2026-02-12 00:00:00,2026-02-20 00:00:00,8.0,RESOLVED,VERIFIED
CBK0000726,TXN00016050,USR53060,MCH2827,Misc Retail,WRONG_AMOUNT,MEDIUM,1426.42,2026-01-18 00:00:00,2026-01-26 00:00:00,8.0,RESOLVED,NO_KYC_RECORD
CBK0001302,TXN00007192,USR42537,MCH2338,Transportation,NOT_DELIVERED,MEDIUM,1195.71,2026-01-08 00:00:00,2026-01-16 00:00:00,8.0,PENDING_BANK,NO_KYC_RECORD
CBK0001260,TXN00011332,USR10471,MCH9141,Unknown,SERVICE_NOT_PROVIDED,MEDIUM,529.68,2026-02-19 00:00:00,2026-02-27 00:00:00,8.0,RESOLVED,NO_KYC_RECORD
CBK0001942,TXN00017185,USR63345,MCH5658,Grocery,WRONG_AMOUNT,MEDIUM,384.18,2026-03-08 00:00:00,2026-03-16 00:00:00,8.0,OPEN,NO_KYC_RECORD
CBK0001227,TXN00007552,USR33669,MCH6106,Restaurants,SERVICE_NOT_PROVIDED,LOW,12509.66,2026-01-01 00:00:00,2026-01-09 00:00:00,8.0,CLOSED,NO_KYC_RECORD
CBK0001973,TXN00013275,USR49292,MCH7860,Pharmacy,NOT_DELIVERED,MEDIUM,666.32,2026-03-19 00:00:00,2026-03-27 00:00:00,8.0,PENDING_BANK,NO_KYC_RECORD
CBK0001762,TXN00011289,USR34760,MCH2523,Pharmacy,NOT_DELIVERED,HIGH,1035.0,2026-02-19 00:00:00,2026-02-27 00:00:00,8.0,IN_PROGRESS,VERIFIED
CBK0001655,TXN00016496,USR32936,MCH4123,Grocery,GENERAL_DISPUTE,CRITICAL,5996.21,2026-01-29 00:00:00,2026-02-06 00:00:00,8.0,RESOLVED,NO_KYC_RECORD
CBK0000684,TXN00017791,USR22407,MCH4961,Grocery,UNAUTHORIZED_TXN,MEDIUM,2658.78,2026-02-12 00:00:00,2026-02-20 00:00:00,8.0,PENDING_BANK,NO_KYC_RECORD
CBK0001851,TXN00006293,USR54588,MCH3362,Pharmacy,NOT_DELIVERED,MEDIUM,2387.22,2026-02-27 00:00:00,2026-03-07 00:00:00,8.0,PENDING_BANK,NO_KYC_RECORD
CBK0002077,TXN00005419,USR62858,MCH4236,Pharmacy,FRAUD_SUSPECTED,LOW,8383.0,2026-01-22 00:00:00,2026-01-30 00:00:00,8.0,REJECTED,NO_KYC_RECORD
CBK0001527,TXN00044508,USR35882,MCH5076,Unknown,ACCOUNT_TAKEOVER,HIGH,,2026-03-24 00:00:00,2026-04-01 00:00:00,8.0,RESOLVED,NO_KYC_RECORD
CBK0002457,TXN00014853,USR36873,MCH6126,Hotels & Lodging,FRAUD_SUSPECTED,MEDIUM,415.04,2026-02-02 00:00:00,2026-02-10 00:00:00,8.0,IN_PROGRESS,NO_KYC_RECORD
CBK0001329,TXN00009229,USR51915,MCH1115,Hotels & Lodging,GENERAL_DISPUTE,HIGH,1300.37,2026-03-06 00:00:00,2026-03-14 00:00:00,8.0,CLOSED,VERIFIED
CBK0002490,,USR43455,MCH9521,Apparel,SERVICE_NOT_PROVIDED,HIGH,1266.0,2026-01-09 00:00:00,2026-01-17 00:00:00,8.0,RESOLVED,PENDING
CBK0000502,TXN00008686,USR87780,MCH8933,Restaurants,UNAUTHORIZED_TXN,LOW,969.45,2026-01-31 00:00:00,2026-02-08 00:00:00,8.0,IN_PROGRESS,NO_KYC_RECORD
CBK0002045,TXN00002711,USR99270,MCH1140,Grocery,SERVICE_NOT_PROVIDED,LOW,3969.0,2026-01-23 00:00:00,2026-01-31 00:00:00,8.0,CLOSED,VERIFIED
CBK0002147,TXN00010700,USR84643,MCH3866,Grocery,NOT_DELIVERED,MEDIUM,393.01,2026-03-21 00:00:00,2026-03-29 00:00:00,8.0,IN_PROGRESS,NO_KYC_RECORD
CBK0001651,TXN00010749,USR88296,MCH7888,Pharmacy,FRAUD_SUSPECTED,LOW,11282.39,2026-02-15 00:00:00,2026-02-22 23:37:50,7.98,IN_PROGRESS,NO_KYC_RECORD
CBK0000866,TXN00002719,USR56938,MCH6122,Transportation,UNAUTHORIZED_TXN,LOW,2881.81,2026-03-05 00:00:00,2026-03-12 23:06:00,7.96,CLOSED,VERIFIED
CBK0000154,TXN00011689,USR67451,MCH5404,Pharmacy,NOT_DELIVERED,LOW,473.27,2026-03-07 00:00:00,2026-03-14 22:06:34,7.92,REJECTED,NO_KYC_RECORD
CBK0002627,TXN00001026,USR68944,MCH5158,Unknown,SERVICE_NOT_PROVIDED,MEDIUM,2910.7,2026-01-17 09:59:06,2026-01-25 07:59:00,7.92,IN_PROGRESS,NO_KYC_RECORD
CBK0000976,TXN00002141,USR15928,MCH7366,Restaurants,NOT_DELIVERED,MEDIUM,7027.39,2026-01-23 00:00:00,2026-01-30 22:01:24,7.92,REJECTED,NO_KYC_RECORD
CBK0000878,TXN00017227,USR59963,MCH9029,Transportation,DUPLICATE_DEBIT,HIGH,2799.72,2026-02-28 16:25:00,2026-03-08 13:25:00,7.88,IN_PROGRESS,NO_KYC_RECORD
CBK0000617,TXN00014515,USR44631,MCH2571,Transportation,NOT_DELIVERED,LOW,181.44,2026-02-09 00:00:00,2026-02-16 21:12:01,7.88,OPEN,VERIFIED
CBK0001934,TXN00000863,USR22955,MCH6318,Grocery,SERVICE_NOT_PROVIDED,HIGH,2164.0,2026-03-11 16:53:00,2026-03-19 13:53:26,7.88,OPEN,NO_KYC_RECORD
CBK0001166,TXN00043861,USR73010,MCH8793,Unknown,WRONG_AMOUNT,HIGH,422.31,2026-01-27 00:00:00,2026-02-03 21:00:29,7.88,OPEN,NO_KYC_RECORD
CBK0000559,TXN00010792,USR10800,MCH6190,Restaurants,FRAUD_SUSPECTED,LOW,923.46,2026-02-09 03:28:00,2026-02-17 00:00:00,7.86,IN_PROGRESS,VERIFIED
CBK0001795,TXN00017402,USR60842,MCH8420,Unknown,ACCOUNT_TAKEOVER,LOW,2837.81,2026-01-23 04:47:03,2026-01-31 00:47:03,7.83,REJECTED,NO_KYC_RECORD
CBK0001941,TXN00003720,USR19443,MCH8424,Grocery,ACCOUNT_TAKEOVER,HIGH,414.69,2026-02-25 10:24:00,2026-03-05 06:24:15,7.83,IN_PROGRESS,NO_KYC_RECORD
CBK0001206,TXN00014973,USR71906,MCH1890,Hotels & Lodging,SERVICE_NOT_PROVIDED,HIGH,746.85,2026-02-17 19:55:56,2026-02-25 15:55:56,7.83,RESOLVED,NO_KYC_RECORD
CBK0000102,TXN00013948,USR94466,MCH4422,Unknown,GENERAL_DISPUTE,LOW,7171.27,2026-01-22 00:00:00,2026-01-29 19:15:57,7.8,IN_PROGRESS,NO_KYC_RECORD
CBK0002495,TXN00002679,USR76408,MCH7396,Hotels & Lodging,ACCOUNT_TAKEOVER,LOW,1214.71,2026-01-07 16:01:24,2026-01-15 11:01:00,7.79,CLOSED,NO_KYC_RECORD
CBK0000593,TXN00013111,USR94688,MCH7663,Restaurants,ACCOUNT_TAKEOVER,HIGH,5583.0,2026-02-26 00:00:00,2026-03-05 18:10:06,7.76,OPEN,NO_KYC_RECORD
CBK0000950,TXN00016469,USR80974,MCH4316,Transportation,ACCOUNT_TAKEOVER,HIGH,1313.4,2026-01-29 06:43:12,2026-02-06 00:00:00,7.72,IN_PROGRESS,NO_KYC_RECORD
CBK0002468,TXN00004673,USR93634,MCH5953,Apparel,FRAUD_SUSPECTED,LOW,3382.78,2026-03-14 23:12:19,2026-03-22 16:12:19,7.71,CLOSED,VERIFIED
CBK0001342,TXN00000213,USR62341,MCH3368,Grocery,GENERAL_DISPUTE,MEDIUM,658.27,2026-02-17 07:41:15,2026-02-24 23:41:15,7.67,CLOSED,NO_KYC_RECORD
CBK0000630,TXN00019233,USR45648,MCH1744,Pharmacy,FRAUD_SUSPECTED,LOW,1007.91,2026-03-01 00:00:00,2026-03-08 15:33:27,7.65,REJECTED,NO_KYC_RECORD
CBK0001818,TXN00005674,USR41119,MCH7526,Grocery,UNAUTHORIZED_TXN,HIGH,560.0,2026-03-08 00:00:00,2026-03-15 15:17:35,7.64,IN_PROGRESS,NO_KYC_RECORD
CBK0002535,TXN00009226,USR18613,MCH9798,Transportation,ACCOUNT_TAKEOVER,MEDIUM,4466.49,2026-01-15 00:00:00,2026-01-22 15:05:21,7.63,RESOLVED,VERIFIED
CBK0001112,TXN00013744,USR49093,MCH8322,Restaurants,UNAUTHORIZED_TXN,HIGH,1223.91,2026-03-25 08:55:16,2026-04-02 00:00:00,7.63,CLOSED,NO_KYC_RECORD
CBK0002119,TXN00005222,USR99304,MCH3442,Grocery,ACCOUNT_TAKEOVER,LOW,1345.55,2026-01-21 09:16:49,2026-01-29 00:00:00,7.61,REJECTED,NO_KYC_RECORD
CBK0001135,TXN00011148,USR25972,MCH5027,Hotels & Lodging,GENERAL_DISPUTE,LOW,745.95,2026-02-07 00:00:00,2026-02-14 13:33:58,7.57,OPEN,NO_KYC_RECORD
CBK0000130,TXN00002672,USR31289,MCH3128,Grocery,WRONG_AMOUNT,LOW,4547.87,2026-01-06 00:00:00,2026-01-13 13:42:00,7.57,PENDING_BANK,NO_KYC_RECORD
CBK0000610,TXN00014090,USR89731,MCH1183,Hotels & Lodging,ACCOUNT_TAKEOVER,MEDIUM,848.3,2026-03-24 17:38:00,2026-04-01 06:38:00,7.54,OPEN,NO_KYC_RECORD
CBK0001230,TXN00015088,USR28338,MCH7069,Transportation,NOT_DELIVERED,LOW,590.13,2026-01-10 11:58:51,2026-01-18 00:00:00,7.5,RESOLVED,VERIFIED
CBK0000333,TXN00009429,USR62336,MCH3861,Grocery,SERVICE_NOT_PROVIDED,LOW,1275.75,2026-03-06 05:06:00,2026-03-13 17:06:24,7.5,IN_PROGRESS,VERIFIED
CBK0001317,TXN00016188,USR84407,MCH5177,Transportation,SERVICE_NOT_PROVIDED,HIGH,1305.41,2026-01-23 00:00:00,2026-01-30 11:51:00,7.49,PENDING_BANK,NO_KYC_RECORD
CBK0002005,,USR66391,MCH8391,Apparel,SERVICE_NOT_PROVIDED,LOW,1171.4,2026-03-16 13:33:00,2026-03-24 00:00:00,7.44,RESOLVED,NO_KYC_RECORD
CBK0001240,TXN00005144,USR38257,MCH5459,Grocery,UNAUTHORIZED_TXN,LOW,1262.32,2026-02-17 14:32:16,2026-02-25 00:00:00,7.39,RESOLVED,NO_KYC_RECORD
CBK0001845,TXN00012951,USR23485,MCH5278,Misc Retail,GENERAL_DISPUTE,LOW,2826.0,2026-03-04 14:44:00,2026-03-12 00:00:00,7.39,RESOLVED,PENDING
CBK0000658,TXN00005761,USR17179,MCH8146,Grocery,SERVICE_NOT_PROVIDED,LOW,3582.63,2026-03-10 21:34:00,2026-03-18 06:34:15,7.38,OPEN,NO_KYC_RECORD
CBK0000942,TXN00000964,USR73908,MCH7164,Grocery,DUPLICATE_DEBIT,LOW,2761.55,2026-03-29 15:18:17,2026-04-06 00:00:00,7.36,RESOLVED,NO_KYC_RECORD
CBK0001570,TXN00015345,USR16058,MCH5177,Grocery,UNAUTHORIZED_TXN,LOW,891.13,2026-03-14 05:36:46,2026-03-21 13:36:00,7.33,RESOLVED,NO_KYC_RECORD
CBK0001457,TXN00004271,USR47547,MCH2900,Pharmacy,NOT_DELIVERED,LOW,2672.78,2026-03-06 15:12:38,2026-03-13 23:12:00,7.33,OPEN,NO_KYC_RECORD
CBK0002665,TXN00001173,USR66485,MCH1171,Grocery,UNAUTHORIZED_TXN,MEDIUM,1898.31,2026-02-24 16:17:15,2026-03-04 00:00:00,7.32,CLOSED,NO_KYC_RECORD
CBK0002358,TXN00012958,USR39958,MCH2830,Grocery,DUPLICATE_DEBIT,LOW,1142.21,2026-02-23 16:54:56,2026-03-03 00:00:00,7.3,PENDING_BANK,NO_KYC_RECORD
CBK0001452,TXN00008175,USR28960,MCH5719,Transportation,GENERAL_DISPUTE,LOW,7668.14,2026-02-22 00:00:00,2026-03-01 07:14:00,7.3,OPEN,NO_KYC_RECORD
CBK0002600,TXN00095920,USR42158,MCH8602,Grocery,UNAUTHORIZED_TXN,HIGH,45384.61,2026-02-06 12:50:00,2026-02-13 18:50:00,7.25,CLOSED,NO_KYC_RECORD
CBK0002043,TXN00009451,USR21334,MCH5367,Hotels & Lodging,GENERAL_DISPUTE,MEDIUM,3711.97,2026-02-26 19:22:00,2026-03-06 01:22:00,7.25,PENDING_BANK,NO_KYC_RECORD
CBK0001397,TXN00001903,USR49932,MCH2527,Restaurants,FRAUD_SUSPECTED,CRITICAL,2512.35,2026-03-25 01:49:45,2026-04-01 06:49:00,7.21,REJECTED,NO_KYC_RECORD
CBK0001854,TXN00017037,USR15405,MCH4395,Pharmacy,UNAUTHORIZED_TXN,HIGH,1937.0,2026-02-15 20:40:31,2026-02-23 01:40:31,7.21,RESOLVED,NO_KYC_RECORD
CBK0000727,TXN00008469,USR51123,MCH5519,Transportation,DUPLICATE_DEBIT,MEDIUM,604.81,2026-01-03 19:11:00,2026-01-11 00:00:00,7.2,REJECTED,REJECTED
CBK0001928,TXN00018064,USR30974,MCH9695,Transportation,GENERAL_DISPUTE,MEDIUM,590.0,2026-01-02 01:25:56,2026-01-09 05:25:00,7.17,RESOLVED,VERIFIED
CBK0002482,TXN00018844,USR88168,MCH1362,Pharmacy,NOT_DELIVERED,MEDIUM,6620.7,2026-01-26 00:00:00,2026-02-02 03:31:15,7.15,PENDING_BANK,VERIFIED
CBK0001554,TXN00012362,USR78508,MCH7039,Grocery,ACCOUNT_TAKEOVER,LOW,1105.15,2026-02-01 00:00:00,2026-02-08 02:49:19,7.12,RESOLVED,NO_KYC_RECORD
CBK0000002,TXN00016351,USR94071,MCH6336,Hotels & Lodging,UNAUTHORIZED_TXN,HIGH,2366.0,2026-03-24 13:14:10,2026-03-31 15:14:10,7.08,CLOSED,VERIFIED
CBK0001819,TXN00014412,USR47396,MCH1374,Grocery,WRONG_AMOUNT,MEDIUM,19997.74,2026-01-16 22:17:46,2026-01-24 00:00:00,7.07,REJECTED,NO_KYC_RECORD
CBK0002765,TXN00004590,USR90526,MCH9097,Grocery,ACCOUNT_TAKEOVER,HIGH,799.39,2026-01-28 23:01:00,2026-02-05 00:00:00,7.04,PENDING_BANK,NO_KYC_RECORD
CBK0002364,TXN00001342,USR62907,MCH6378,Hotels & Lodging,WRONG_AMOUNT,HIGH,2534.0,2026-02-23 23:42:23,2026-03-03 00:00:00,7.01,IN_PROGRESS,NO_KYC_RECORD
