txn_id,timestamp,user_id,merchant_id,amount,status,utr_status,is_disputed
TXN00009678,2026-03-06 07:59:54,USR64256,MCH3235,1728.09,SUCCESS,MISSING,False
TXN00008536,2026-01-30 07:20:31,USR90160,MCH8495,8104.15,SUCCESS,MISSING,False
TXN00019886,2026-02-27 11:51:21,USR63295,MCH8082,13247.83,SUCCESS,MISSING,False
TXN00003161,2026-03-23 00:00:00,USR25738,MCH5735,11103.55,FAILED,MISSING,False
TXN00007710,2026-03-22 19:06:47,USR26757,MCH2527,21021.22,SUCCESS,MISSING,False
TXN00000530,2026-03-30 04:09:50,USR70377,MCH5425,21619.0,SUCCESS,MISSING,False
TXN00001642,2026-01-28 22:13:49,USR76561,MCH8265,21052.41,SUCCESS,MISSING,False
TXN00010794,2026-03-27 19:49:13,USR20726,MCH8708,3276.15,SUCCESS,MISSING,False
TXN00011250,2026-01-22 14:07:52,USR13692,MCH2616,21306.83,SUCCESS,MISSING,False
TXN00000045,2026-02-03 00:50:28,USR81314,MCH2213,6476.91,SUCCESS,MISSING,True
TXN00001192,2026-02-23 17:25:11,USR10832,MCH1114,14558.44,SUCCESS,MISSING,False
TXN00014316,2026-02-13 18:45:25,USR19656,MCH2337,17984.52,SUCCESS,MISSING,True
TXN00019767,2026-02-10 14:21:14,USR82139,MCH4060,9869.87,SUCCESS,MISSING,False
TXN00006392,2026-01-17 04:37:21,USR68632,MCH1830,10347.5,SUCCESS,MISSING,False
TXN00001041,2026-02-05 23:29:33,USR12553,MCH6735,13491.89,SUCCESS,MISSING,True
TXN00014601,2026-01-22 14:19:55,USR61745,MCH7179,3906.6,SUCCESS,MISSING,True
TXN00008081,2026-01-14 05:36:11,USR36516,MCH8436,7851.42,SUCCESS,MISSING,False
TXN00010671,2026-03-14 13:18:15,USR10082,MCH3237,22723.1,SUCCESS,MISSING,False
TXN00011019,2026-02-13 03:06:30,USR32308,MCH9054,9952.99,SUCCESS,MISSING,False
TXN00018018,2026-01-05 20:16:48,USR61252,MCH8736,22233.36,SUCCESS,MISSING,False
TXN00006006,2026-01-24 07:56:39,USR32111,MCH7861,24058.83,SUCCESS,MISSING,False
TXN00014424,2026-02-10 22:35:31,USR88019,MCH3825,2495.55,SUCCESS,MISSING,False
TXN00004511,2026-03-15 21:23:25,USR66362,MCH9969,4368.49,SUCCESS,MISSING,False
TXN00011860,2026-02-26 17:34:43,USR68520,MCH1218,18955.65,FAILED,MISSING,False
TXN00019196,2026-03-05 00:00:00,USR23438,MCH1618,24484.6,SUCCESS,MISSING,False
TXN00000414,2026-03-13 10:23:30,USR58404,MCH7447,14340.21,SUCCESS,MISSING,True
TXN00019590,2026-01-09 05:52:12,USR20312,MCH5368,18842.1,SUCCESS,MISSING,False
TXN00001091,2026-03-06 20:59:31,USR19697,MCH7696,23568.87,SUCCESS,MISSING,False
TXN00014501,2026-02-01 11:48:00,USR33493,MCH7889,18716.49,SUCCESS,MISSING,False
TXN00011283,2026-01-12 13:06:31,USR63686,MCH4083,24145.13,SUCCESS,MISSING,False
TXN00016425,2026-02-11 12:02:16,USR29089,MCH6452,13039.65,PENDING,MISSING,False
TXN00019791,2026-01-20 20:25:50,USR38197,MCH9479,2901.68,SUCCESS,MISSING,True
TXN00005174,2026-01-11 06:12:01,USR86108,MCH8892,870.44,SUCCESS,MISSING,True
TXN00017507,2026-02-27 09:31:42,USR96330,MCH1176,12643.49,SUCCESS,MISSING,False
TXN00009557,2026-02-08 01:13:56,USR34690,MCH6295,2681.93,SUCCESS,MISSING,False
TXN00000128,2026-01-23 05:43:14,USR45756,MCH9425,21520.0,SUCCESS,MISSING,False
TXN00002216,2026-01-17 16:29:36,USR36317,MCH2005,7625.73,FAILED,MISSING,True
TXN00016994,2026-01-31 17:17:01,USR13790,MCH4190,2331.86,SUCCESS,MISSING,False
TXN00018738,2026-03-21 06:18:09,USR99510,MCH3724,6937.85,SUCCESS,MISSING,True
TXN00002256,2026-03-04 15:59:28,USR61290,MCH7939,14298.59,SUCCESS,MISSING,False
TXN00011023,2026-02-12 23:06:35,USR46298,MCH6233,22672.75,SUCCESS,MISSING,False
TXN00013517,2026-03-12 18:27:26,USR72202,MCH5084,11680.12,FAILED,MISSING,False
TXN00004603,2026-03-29 09:30:49,USR21327,MCH9646,22732.22,SUCCESS,MISSING,False
TXN00013042,2026-01-26 14:27:03,USR90938,MCH8960,16031.58,SUCCESS,MISSING,True
TXN00009081,2026-02-23 01:13:15,USR91045,MCH3584,8455.87,SUCCESS,MISSING,False
TXN00003592,2026-03-16 08:30:28,USR98035,MCH2132,4395.54,SUCCESS,MISSING,False
TXN00008828,2026-01-04 20:37:47,USR92221,MCH7930,8231.85,FAILED,MISSING,False
TXN00009004,2026-03-28 04:13:38,USR84828,MCH3602,10906.85,SUCCESS,MISSING,False
TXN00011630,2026-03-09 13:42:02,USR63605,MCH9154,10465.04,SUCCESS,MISSING,False
TXN00017035,2026-03-29 01:21:26,USR78654,MCH8110,12092.84,SUCCESS,MISSING,False
TXN00008538,2026-01-30 03:49:43,USR18442,MCH6676,22190.2,SUCCESS,MISSING,True
TXN00018063,2026-02-12 07:31:31,USR92572,MCH8207,21731.0,SUCCESS,MISSING,False
TXN00000695,2026-03-31 09:33:05,USR42118,MCH2536,2879.77,SUCCESS,MISSING,False
TXN00009640,2026-03-21 09:02:10,USR28003,MCH7804,550.46,SUCCESS,MISSING,False
TXN00007752,2026-03-17 15:03:29,USR77378,MCH3022,17206.06,SUCCESS,MISSING,False
TXN00019335,2026-01-08 04:38:19,USR58226,MCH5935,17211.95,FAILED,MISSING,False
TXN00001584,2026-01-28 21:38:29,USR36978,MCH2608,12424.2,SUCCESS,MISSING,False
TXN00009069,2026-03-22 13:47:31,USR46746,MCH4123,772.11,SUCCESS,MISSING,False
TXN00014202,2026-01-07 16:13:45,USR17273,MCH1368,22209.26,SUCCESS,MISSING,False
TXN00019285,2026-02-05 21:05:30,USR69897,MCH7362,17834.0,SUCCESS,MISSING,False
TXN00010546,2026-02-15 17:29:12,USR92234,MCH1669,10242.67,SUCCESS,MISSING,False
TXN00008281,2026-03-08 14:22:00,USR34370,MCH6716,8395.57,SUCCESS,MISSING,False
TXN00002501,2026-02-14 19:47:32,USR68632,MCH7316,20690.0,SUCCESS,MISSING,False
TXN00003485,2026-01-12 09:35:54,USR81235,MCH5694,14583.94,SUCCESS,MISSING,True
TXN00006711,2026-01-28 18:15:37,USR41854,MCH7728,2472.69,SUCCESS,MISSING,False
TXN00014864,2026-02-25 01:25:13,USR48027,MCH2316,17258.37,SUCCESS,MISSING,False
TXN00005904,2026-02-23 12:42:02,USR94157,MCH7090,9401.77,SUCCESS,MISSING,True
TXN00010163,2026-02-17 17:47:41,USR72149,MCH4078,11863.4,PENDING,MISSING,False
TXN00016932,2026-02-10 18:01:22,USR94935,MCH8111,7880.36,FAILED,MISSING,False
TXN00017283,2026-03-30 14:47:22,USR18052,MCH6546,9799.78,SUCCESS,MISSING,False
TXN00012166,2026-03-20 00:00:00,USR62618,MCH4484,15354.64,SUCCESS,MISSING,False
TXN00010591,2026-03-01 08:57:49,USR78024,MCH2418,19421.44,SUCCESS,MISSING,False
TXN00006485,2026-02-01 03:07:51,USR40988,MCH2806,4879.06,SUCCESS,MISSING,False
TXN00011307,2026-03-24 03:00:00,USR44510,MCH2111,23856.92,SUCCESS,MISSING,True
TXN00009068,2026-02-15 00:00:00,USR37344,MCH7472,12630.65,FAILED,MISSING,True
TXN00001746,2026-02-16 18:47:12,USR91500,MCH7418,12038.79,PENDING,MISSING,False
TXN00008712,2026-01-17 10:23:36,USR10143,MCH6078,7244.55,SUCCESS,MISSING,False
TXN00007387,2026-02-19 14:15:42,USR68188,MCH8260,2377.53,SUCCESS,MISSING,False
TXN00006811,2026-03-13 08:51:33,USR70338,MCH4541,19352.14,SUCCESS,MISSING,False
TXN00016442,2026-02-28 10:09:47,USR11047,MCH5721,6377.89,SUCCESS,MISSING,False
TXN00014800,2026-01-17 02:23:49,USR26719,MCH7625,18266.7,SUCCESS,MISSING,False
TXN00000819,2026-02-24 06:23:25,USR94390,MCH8434,1378.49,SUCCESS,MISSING,False
TXN00011786,2026-01-31 03:36:43,USR40814,MCH7496,21771.55,PENDING,MISSING,False
TXN00010679,2026-03-10 06:25:22,USR23346,MCH6236,4713.12,SUCCESS,MISSING,False
TXN00007657,2026-02-19 03:37:12,USR89121,MCH9988,17910.97,SUCCESS,MISSING,False
TXN00007929,2026-02-19 13:25:19,USR45101,MCH9702,19315.34,FAILED,MISSING,False
TXN00001152,2026-01-27 07:16:51,USR47047,MCH3798,20926.96,FAILED,MISSING,True
TXN00011294,2026-01-13 00:27:35,USR27743,MCH8459,18270.37,SUCCESS,MISSING,False
TXN00014584,2026-01-23 05:37:55,USR89128,MCH8146,10479.33,SUCCESS,MISSING,True
TXN00019025,2026-02-22 07:53:06,USR27836,MCH9593,8652.2,SUCCESS,MISSING,False
TXN00011282,2026-02-15 13:02:27,USR49270,MCH6664,6140.31,SUCCESS,MISSING,False
TXN00017366,2026-03-14 08:25:44,USR30949,MCH4626,24167.15,SUCCESS,MISSING,False
TXN00015274,2026-01-10 21:33:20,USR63873,MCH1825,18810.25,SUCCESS,MISSING,False
TXN00002990,2026-02-25 13:10:34,USR62502,MCH9970,21567.39,SUCCESS,MISSING,False
TXN00004820,2026-01-14 13:49:40,USR35056,MCH7697,4988.5,SUCCESS,MISSING,False
TXN00006359,2026-03-24 17:18:03,USR16145,MCH7952,23625.98,SUCCESS,MISSING,False
TXN00019607,2026-01-10 06:39:47,USR51203,MCH1961,22410.15,SUCCESS,MISSING,False
TXN00012023,2026-02-27 16:09:28,USR74378,MCH5878,21374.37,SUCCESS,MISSING,False
TXN00012641,2026-03-02 10:59:18,USR65827,MCH7748,10106.71,SUCCESS,MISSING,False
TXN00016459,2026-02-22 01:27:56,USR44167,MCH7334,6152.64,SUCCESS,MISSING,False
TXN00011733,2026-03-03 22:28:34,USR51754,MCH9539,7676.0,SUCCESS,MISSING,False
TXN00006093,2026-03-26 02:50:34,USR29207,MCH5344,8474.94,SUCCESS,MISSING,False
TXN00017650,2026-02-04 06:34:19,USR50681,MCH3172,24871.3,SUCCESS,MISSING,False
TXN00005373,2026-02-04 10:45:16,USR18410,MCH4387,10800.86,SUCCESS,MISSING,False
TXN00011098,2026-02-10 12:02:44,USR24952,MCH8046,20658.47,SUCCESS,MISSING,False
TXN00013885,2026-02-11 00:00:00,USR49466,MCH5724,6345.0,SUCCESS,MISSING,False
TXN00001935,2026-02-13 21:14:56,USR53488,MCH8516,16914.93,SUCCESS,MISSING,False
TXN00012617,2026-03-01 08:53:14,USR79070,MCH4045,2051.78,SUCCESS,MISSING,False
TXN00018726,2026-03-30 13:13:43,USR12863,MCH3625,7202.98,FAILED,MISSING,False
TXN00005416,2026-03-01 15:02:15,USR48091,MCH5283,9663.33,SUCCESS,MISSING,False
TXN00013137,2026-02-19 00:11:06,USR44377,MCH5743,23446.05,SUCCESS,MISSING,False
TXN00015391,2026-03-05 00:00:00,USR77708,MCH8972,3748.45,FAILED,MISSING,False
TXN00011893,2026-03-18 03:29:20,USR47877,MCH3674,3107.24,SUCCESS,MISSING,False
TXN00016656,2026-01-20 14:03:19,USR65099,MCH1080,12790.96,SUCCESS,MISSING,False
TXN00008547,2026-03-21 20:11:06,USR54146,MCH9219,20078.11,FAILED,MISSING,False
TXN00016833,2026-01-06 12:57:22,USR16389,MCH2884,14338.69,SUCCESS,MISSING,False
TXN00003436,2026-03-29 02:15:40,USR77729,MCH9906,9736.87,SUCCESS,MISSING,False
TXN00017922,2026-01-22 09:13:57,USR50418,MCH3088,23524.51,SUCCESS,MISSING,False
TXN00004264,2026-02-16 12:41:52,USR74469,MCH1614,9688.0,SUCCESS,MISSING,False
TXN00015189,2026-03-20 15:55:35,USR13067,MCH7892,5360.76,SUCCESS,MISSING,True
TXN00002520,2026-03-26 20:50:24,USR35838,MCH1070,18070.45,SUCCESS,MISSING,False
TXN00015573,2026-01-10 14:50:27,USR87527,MCH2736,21959.61,SUCCESS,MISSING,False
TXN00008826,2026-03-11 04:10:24,USR98228,MCH1710,7552.85,SUCCESS,MISSING,True
TXN00014895,2026-01-03 21:07:41,USR98902,MCH5905,1896.19,SUCCESS,MISSING,False
TXN00016162,2026-01-09 01:58:39,USR21590,MCH4648,15045.73,FAILED,MISSING,False
TXN00010342,2026-03-21 16:27:39,USR87864,MCH7792,14145.47,FAILED,MISSING,False
TXN00002260,2026-01-10 23:33:06,USR76269,MCH2083,10870.55,SUCCESS,MISSING,False
TXN00017804,2026-02-18 01:50:00,USR94887,MCH7496,5666.19,SUCCESS,MISSING,False
TXN00006900,2026-01-12 00:10:50,USR75084,MCH2292,10550.14,SUCCESS,MISSING,False
TXN00016997,2026-03-07 10:24:23,USR54125,MCH9011,13406.05,SUCCESS,MISSING,False
TXN00007132,2026-03-11 03:32:39,USR44431,MCH3492,11527.11,SUCCESS,MISSING,False
TXN00018775,2026-01-18 21:44:44,USR77313,MCH3306,7811.46,SUCCESS,MISSING,False
TXN00006986,2026-02-21 00:00:00,USR98744,MCH2650,7587.17,SUCCESS,MISSING,False
TXN00015522,2026-01-25 00:42:41,USR60957,MCH2264,24743.18,SUCCESS,MISSING,False
TXN00011812,2026-03-17 22:44:12,USR15325,MCH6806,23522.18,SUCCESS,MISSING,False
TXN00010324,2026-02-17 11:12:26,USR90181,MCH1806,725.49,SUCCESS,MISSING,False
TXN00008013,2026-03-05 13:52:14,USR65199,MCH4443,15920.96,SUCCESS,MISSING,False
TXN00002317,2026-03-25 00:58:40,USR60600,MCH6198,6875.54,SUCCESS,MISSING,False
TXN00019330,2026-03-03 05:27:37,USR99534,MCH7255,7167.05,FAILED,MISSING,False
TXN00010681,2026-01-18 22:57:17,USR88176,MCH5420,11903.41,SUCCESS,MISSING,False
TXN00005252,2026-01-08 06:43:58,USR51005,MCH7499,24167.99,PENDING,MISSING,False
TXN00001908,2026-01-03 12:04:19,USR63364,MCH2816,9204.84,SUCCESS,MISSING,False
TXN00009444,2026-02-13 02:04:06,USR84537,MCH4202,9503.71,SUCCESS,MISSING,True
TXN00017611,2026-01-17 12:55:03,USR47882,MCH5500,1142.83,SUCCESS,MISSING,False
TXN00009158,2026-03-02 10:40:14,USR30502,MCH8621,15127.7,FAILED,MISSING,False
TXN00015120,2026-02-06 21:55:07,USR78508,MCH5743,14928.13,SUCCESS,MISSING,False
TXN00009139,2026-01-15 00:57:34,USR13930,MCH3853,12037.04,SUCCESS,MISSING,True
TXN00001252,2026-03-02 07:05:54,USR68564,MCH9472,12043.24,SUCCESS,MISSING,False
TXN00014725,2026-02-09 16:32:38,USR17031,MCH2147,22888.76,SUCCESS,MISSING,False
TXN00015512,2026-01-16 22:14:53,USR66735,MCH3636,19455.36,SUCCESS,MISSING,False
TXN00001793,2026-02-24 12:10:26,USR84725,MCH5092,12810.0,SUCCESS,MISSING,False
TXN00000702,2026-03-11 21:08:56,USR75564,MCH9456,1305.07,SUCCESS,MISSING,False
TXN00001654,2026-01-25 06:46:15,USR74877,MCH5263,9010.0,SUCCESS,MISSING,True
TXN00001705,2026-03-16 12:20:11,USR22950,MCH7201,10993.4,SUCCESS,MISSING,True
TXN00009435,2026-01-17 23:48:33,USR60609,MCH8743,7444.34,SUCCESS,MISSING,False
TXN00017166,2026-02-02 12:48:58,USR99212,MCH5885,24274.89,SUCCESS,MISSING,False
TXN00003510,2026-01-22 04:56:09,USR34483,MCH8873,1569.23,SUCCESS,MISSING,False
TXN00018355,2026-02-27 04:07:29,USR34222,MCH9462,1587.62,SUCCESS,MISSING,False
TXN00006186,2026-02-07 05:44:14,USR22014,MCH1590,20069.41,SUCCESS,MISSING,False
TXN00019131,2026-01-03 07:45:51,USR85747,MCH4865,6015.24,SUCCESS,MISSING,False
TXN00007726,2026-01-22 05:17:45,USR65704,MCH8597,3501.62,SUCCESS,MISSING,False
TXN00005925,2026-01-22 11:47:07,USR62850,MCH7546,6144.0,SUCCESS,MISSING,False
TXN00015590,2026-03-24 11:46:53,USR86695,MCH7670,805.73,SUCCESS,MISSING,False
TXN00006450,2026-02-20 18:55:07,USR54208,MCH6468,13796.68,FAILED,MISSING,False
TXN00010391,2026-01-17 07:35:12,USR90733,MCH3255,22160.55,SUCCESS,MISSING,False
TXN00004686,2026-02-24 23:12:24,USR43853,MCH4239,9834.11,SUCCESS,MISSING,True
TXN00016294,2026-02-22 15:48:50,USR27725,MCH2497,21121.69,SUCCESS,MISSING,False
TXN00003562,2026-02-14 21:25:10,USR93020,MCH1997,20561.31,FAILED,MISSING,False
TXN00012388,2026-02-05 16:14:11,USR39967,MCH7716,11288.89,SUCCESS,MISSING,False
TXN00011759,2026-01-31 22:30:56,USR42593,MCH8079,22743.86,SUCCESS,MISSING,False
TXN00005049,2026-01-06 02:44:06,USR15789,MCH8440,8367.72,SUCCESS,MISSING,False
TXN00013284,2026-01-06 21:16:57,USR44944,MCH8717,5890.79,FAILED,MISSING,False
TXN00003004,2026-03-20 03:03:33,USR44177,MCH5238,15625.6,SUCCESS,MISSING,False
TXN00007231,2026-01-15 04:40:06,USR96411,MCH1335,242.66,SUCCESS,MISSING,False
TXN00016399,2026-02-05 20:05:40,USR57040,MCH7063,1147.0,SUCCESS,MISSING,False
TXN00004082,2026-02-26 21:11:16,USR55947,MCH5417,5840.99,SUCCESS,MISSING,False
TXN00009664,2026-01-21 05:13:48,USR40771,MCH8570,990.93,SUCCESS,MISSING,False
TXN00000391,2026-02-06 19:04:16,USR98436,MCH5714,24762.72,SUCCESS,MISSING,False
TXN00001881,2026-03-22 13:36:56,USR55561,MCH1401,17225.24,SUCCESS,MISSING,False
TXN00015316,2026-03-19 05:14:31,USR10923,MCH9944,20956.02,SUCCESS,MISSING,True
TXN00000063,2026-02-14 14:32:15,USR97771,MCH1252,20720.15,SUCCESS,MISSING,False
TXN00019464,2026-01-29 05:54:59,USR65270,MCH3676,15277.08,SUCCESS,MISSING,False
TXN00017767,2026-02-28 23:27:24,USR70030,MCH8833,516.55,PENDING,MISSING,False
TXN00004988,2026-01-08 11:35:10,USR71846,MCH4557,15010.28,SUCCESS,MISSING,False
TXN00019719,2026-03-19 03:46:31,USR12187,MCH2896,22907.0,SUCCESS,MISSING,True
TXN00013603,2026-02-03 02:07:34,USR71797,MCH3014,11816.78,SUCCESS,MISSING,False
TXN00015689,2026-03-14 18:51:10,USR99824,MCH5254,5807.3,SUCCESS,MISSING,False
TXN00000455,2026-01-26 07:37:41,USR84588,MCH5122,2788.83,SUCCESS,MISSING,False
TXN00009915,2026-01-29 14:30:34,USR24130,MCH2428,11292.88,SUCCESS,MISSING,False
TXN00009600,2026-02-15 16:27:04,USR49025,MCH4368,9968.57,SUCCESS,MISSING,False
TXN00002725,2026-02-12 16:39:38,USR51087,MCH1708,9956.15,SUCCESS,MISSING,False
TXN00004659,2026-03-24 06:02:34,USR87941,MCH4350,4738.0,SUCCESS,MISSING,False
TXN00009170,2026-03-27 16:50:48,USR95260,MCH1763,7147.81,SUCCESS,MISSING,False
TXN00007486,2026-02-26 02:48:27,USR71609,MCH4840,16969.72,SUCCESS,MISSING,False
TXN00007432,2026-02-28 14:11:52,USR21689,MCH9205,11507.96,SUCCESS,MISSING,False
TXN00019802,2026-02-02 01:22:06,USR15380,MCH1244,1802.98,SUCCESS,MISSING,False
TXN00007565,2026-03-21 22:19:27,USR99491,MCH4906,12512.63,SUCCESS,MISSING,False
TXN00019269,2026-03-15 06:57:44,USR46014,MCH8188,16390.09,SUCCESS,MISSING,True
TXN00013862,2026-01-17 15:17:50,USR87333,MCH3091,7434.96,SUCCESS,MISSING,False
TXN00015812,2026-02-04 08:16:07,USR69525,MCH9506,1344.88,SUCCESS,MISSING,False
TXN00009956,2026-01-25 22:45:00,USR73915,MCH6163,8743.36,SUCCESS,MISSING,False
TXN00015698,2026-03-08 10:01:03,USR38355,MCH6712,17691.39,FAILED,MISSING,False
TXN00015293,2026-03-05 02:50:15,USR97543,MCH9920,17443.89,SUCCESS,MISSING,False
TXN00013200,2026-02-21 15:19:20,USR11930,MCH6986,4655.68,PENDING,MISSING,False
TXN00016678,2026-02-18 13:35:16,USR87037,MCH4746,8546.99,SUCCESS,MISSING,False
TXN00010079,2026-02-23 04:01:47,USR32631,MCH9029,1430.45,SUCCESS,MISSING,False
TXN00012126,2026-03-30 02:13:40,USR66234,MCH5344,23079.37,FAILED,MISSING,False
TXN00007814,2026-02-06 20:07:52,USR56351,MCH6094,10793.39,SUCCESS,MISSING,False
TXN00013608,2026-02-20 10:55:50,USR59401,MCH3826,17096.43,FAILED,MISSING,False
TXN00014685,2026-01-18 01:24:32,USR26814,MCH5741,19736.6,SUCCESS,MISSING,False
TXN00017185,2026-03-12 16:37:32,USR63345,MCH5658,5565.73,SUCCESS,MISSING,True
TXN00009384,2026-02-23 21:39:23,USR37664,MCH3117,9405.0,FAILED,MISSING,False
TXN00016346,2026-03-31 11:41:43,USR26005,MCH7124,13062.01,SUCCESS,MISSING,False
TXN00003222,2026-01-31 00:00:00,USR40345,MCH6950,4042.46,SUCCESS,MISSING,False
TXN00014897,2026-01-23 19:04:38,USR41646,MCH5242,13439.22,SUCCESS,MISSING,False
TXN00019740,2026-01-08 12:35:54,USR36680,MCH4773,9446.95,SUCCESS,MISSING,False
TXN00017837,2026-03-29 08:50:50,USR32530,MCH1386,1350.77,SUCCESS,MISSING,False
TXN00014289,2026-03-27 16:30:14,USR18326,MCH8700,19447.53,SUCCESS,MISSING,False
TXN00013605,2026-01-06 06:50:15,USR10731,MCH5590,471.0,SUCCESS,MISSING,False
TXN00014122,2026-03-17 14:22:14,USR22509,MCH7448,9286.98,SUCCESS,MISSING,True
TXN00008163,2026-01-10 22:18:52,USR28083,MCH7755,10521.55,SUCCESS,MISSING,False
TXN00015157,2026-03-08 00:28:13,USR22931,MCH7741,6194.22,SUCCESS,MISSING,False
TXN00011916,2026-01-25 13:29:34,USR55146,MCH2440,24729.71,SUCCESS,MISSING,False
TXN00014819,2026-03-26 09:53:26,USR47790,MCH8278,433.06,FAILED,MISSING,False
TXN00015202,2026-03-31 15:06:49,USR75875,MCH8846,13050.47,FAILED,MISSING,False
TXN00017162,2026-03-21 14:49:07,USR22269,MCH9991,15855.0,SUCCESS,MISSING,False
TXN00012824,2026-03-15 03:05:52,USR86648,MCH2870,15284.25,SUCCESS,MISSING,False
TXN00017633,2026-01-24 08:27:36,USR60769,MCH8242,11551.99,FAILED,MISSING,False
TXN00019676,2026-01-10 06:16:21,USR41715,MCH1895,10711.98,SUCCESS,MISSING,False
TXN00018424,2026-02-17 16:21:10,USR82082,MCH8207,17168.0,SUCCESS,MISSING,False
TXN00018747,2026-02-14 01:20:39,USR33740,MCH2132,108.11,SUCCESS,MISSING,False
TXN00010246,2026-02-03 00:24:13,USR29901,MCH7122,24174.96,FAILED,MISSING,False
TXN00004026,2026-03-15 00:52:47,USR63435,MCH9046,20610.52,SUCCESS,MISSING,False
TXN00002265,2026-02-28 11:41:28,USR35472,MCH1244,15181.17,SUCCESS,MISSING,False
TXN00010917,2026-03-31 08:45:59,USR77237,MCH6922,2668.65,SUCCESS,MISSING,False
TXN00001771,2026-01-02 08:25:58,USR80550,MCH5447,11491.57,SUCCESS,MISSING,False
TXN00007311,2026-01-15 14:05:07,USR98387,MCH7818,24171.97,SUCCESS,MISSING,False
TXN00010211,2026-03-10 16:50:26,USR48883,MCH8908,24399.82,SUCCESS,MISSING,False
TXN00007169,2026-01-08 10:10:12,USR70718,MCH2009,6567.78,SUCCESS,MISSING,False
TXN00003831,2026-02-01 02:11:51,USR20747,MCH3666,9531.0,SUCCESS,MISSING,False
TXN00011254,2026-01-14 19:43:16,USR65289,MCH8698,22544.52,SUCCESS,MISSING,False
TXN00008274,2026-02-06 01:25:17,USR90008,MCH3528,14727.51,SUCCESS,MISSING,True
TXN00009918,2026-01-04 10:18:57,USR11305,MCH9852,5309.0,SUCCESS,MISSING,False
TXN00015148,2026-03-24 18:08:50,USR91619,MCH7056,19044.42,SUCCESS,MISSING,False
TXN00017300,2026-03-28 09:10:57,USR45971,MCH1948,18832.16,SUCCESS,MISSING,True
TXN00012499,2026-01-19 00:00:00,USR39919,MCH4870,19139.81,SUCCESS,MISSING,False
TXN00009300,2026-01-29 04:53:10,USR21417,MCH2379,2471.38,SUCCESS,MISSING,False
TXN00017390,2026-03-19 02:23:09,USR58446,MCH4992,5886.54,SUCCESS,MISSING,False
TXN00015024,2026-01-13 09:56:18,USR93620,MCH9134,19330.74,SUCCESS,MISSING,False
TXN00010535,2026-01-23 02:46:14,USR92349,MCH9448,14925.45,PENDING,MISSING,False
TXN00017769,2026-02-20 08:28:06,USR55545,MCH7462,10031.24,SUCCESS,MISSING,False
TXN00002803,2026-01-04 00:00:00,USR92773,MCH2425,23593.1,SUCCESS,MISSING,False
TXN00004469,2026-03-03 16:49:34,USR87460,MCH4782,23732.33,SUCCESS,MISSING,False
TXN00017789,2026-01-22 23:42:06,USR48039,MCH9751,6067.52,SUCCESS,MISSING,False
TXN00015782,2026-03-29 05:40:47,USR52542,MCH7630,17069.22,SUCCESS,MISSING,False
TXN00019923,2026-01-30 09:00:43,USR29915,MCH1721,14494.92,SUCCESS,MISSING,False
TXN00018849,2026-02-02 18:30:26,USR33331,MCH1368,24556.66,SUCCESS,MISSING,False
TXN00014563,2026-03-12 10:05:28,USR72687,MCH4241,11712.53,SUCCESS,MISSING,False
TXN00016625,2026-01-17 00:04:06,USR55151,MCH8430,12088.12,SUCCESS,MISSING,False
TXN00019180,2026-03-13 05:02:46,USR34618,MCH4401,13586.9,PENDING,MISSING,True
TXN00011580,2026-01-13 10:43:23,USR10824,MCH8134,20277.43,SUCCESS,MISSING,False
TXN00007995,2026-01-11 00:01:44,USR58846,MCH3150,2928.93,FAILED,MISSING,False
TXN00014971,2026-03-05 23:17:33,USR87165,MCH4159,24995.13,PENDING,MISSING,False
TXN00011769,2026-03-21 23:23:06,USR77653,MCH7848,265.74,SUCCESS,MISSING,False
TXN00016973,2026-03-12 04:04:05,USR19386,MCH3508,17420.87,SUCCESS,MISSING,False
TXN00017187,2026-02-09 00:00:00,USR38797,MCH4024,10235.64,SUCCESS,MISSING,False
TXN00011601,2026-01-24 17:05:40,USR33735,MCH1197,9632.18,SUCCESS,MISSING,False
TXN00000545,2026-01-16 16:30:47,USR68246,MCH9069,15457.02,SUCCESS,MISSING,False
TXN00015165,2026-03-24 10:36:37,USR38001,MCH8818,7472.0,SUCCESS,MISSING,False
TXN00016647,2026-01-07 08:12:16,USR89657,MCH1294,23678.44,SUCCESS,MISSING,False
TXN00001367,2026-03-21 01:19:41,USR22074,MCH6782,17898.47,SUCCESS,MISSING,False
TXN00012830,2026-01-14 09:33:00,USR42409,MCH8649,2777.61,SUCCESS,MISSING,False
TXN00000680,2026-01-01 03:56:27,USR70000,MCH8135,21639.02,SUCCESS,MISSING,True
TXN00016136,2026-02-21 19:17:54,USR35068,MCH5538,11927.87,SUCCESS,MISSING,False
TXN00016157,2026-02-03 17:38:41,USR64212,MCH7689,7561.75,SUCCESS,MISSING,False
TXN00012722,2026-03-20 08:00:59,USR46521,MCH7806,2126.06,SUCCESS,MISSING,False
TXN00019729,2026-02-16 21:27:46,USR80421,MCH1344,19194.21,SUCCESS,MISSING,False
TXN00009830,2026-03-02 12:16:27,USR97916,MCH8170,16535.02,SUCCESS,MISSING,False
TXN00005236,2026-03-17 19:46:07,USR86787,MCH1413,193.75,SUCCESS,MISSING,False
TXN00006412,2026-03-17 15:35:03,USR78645,MCH5310,8812.25,SUCCESS,MISSING,False
TXN00003506,2026-02-22 04:30:25,USR13160,MCH8151,15569.54,SUCCESS,MISSING,False
TXN00013290,2026-02-17 00:12:05,USR45214,MCH5596,5868.0,SUCCESS,MISSING,False
TXN00010875,2026-01-17 03:39:14,USR56743,MCH8063,22756.44,SUCCESS,MISSING,False
TXN00016133,2026-01-17 14:42:47,USR55150,MCH8308,22690.32,SUCCESS,MISSING,False
TXN00015965,2026-01-05 14:48:51,USR33245,MCH6818,16692.03,SUCCESS,MISSING,False
TXN00014478,2026-03-05 02:28:53,USR59081,MCH4222,24334.75,SUCCESS,MISSING,False
TXN00018349,2026-03-05 23:21:36,USR71784,MCH2519,23910.46,SUCCESS,MISSING,False
TXN00006158,2026-02-16 08:25:23,USR81078,MCH6834,18086.02,SUCCESS,MISSING,False
TXN00018452,2026-02-09 14:46:21,USR20613,MCH4034,13979.57,SUCCESS,MISSING,False
TXN00016221,2026-03-12 12:22:09,USR38378,MCH1488,21501.82,SUCCESS,MISSING,False
TXN00004195,2026-03-05 05:01:32,USR81817,MCH8552,15483.13,PENDING,MISSING,False
TXN00009277,2026-03-01 02:42:38,USR29445,MCH2020,7264.19,SUCCESS,MISSING,False
TXN00018121,2026-03-18 08:59:08,USR46747,MCH9732,21799.0,SUCCESS,MISSING,False
TXN00007966,2026-03-04 14:07:48,USR11953,MCH4494,784.0,SUCCESS,MISSING,True
TXN00003824,2026-02-15 05:52:05,USR85974,MCH2369,8211.21,SUCCESS,MISSING,False
TXN00006876,2026-02-16 02:29:50,USR97152,MCH3002,10872.61,SUCCESS,MISSING,False
TXN00014994,2026-02-17 01:03:03,USR35426,MCH8587,9971.74,SUCCESS,MISSING,False
TXN00012412,2026-02-19 20:10:20,USR52710,MCH9951,22003.87,SUCCESS,MISSING,False
TXN00015244,2026-02-26 08:23:31,USR15215,MCH3624,23865.89,SUCCESS,MISSING,False
TXN00017560,2026-03-04 05:51:52,USR21566,MCH3959,24005.0,SUCCESS,MISSING,False
TXN00019950,2026-03-11 01:33:36,USR28238,MCH8062,11592.9,SUCCESS,MISSING,False
TXN00011624,2026-02-25 03:39:03,USR56284,MCH2952,1257.56,SUCCESS,MISSING,False
TXN00018984,2026-01-05 07:57:00,USR91495,MCH5084,9358.89,SUCCESS,MISSING,False
TXN00014162,2026-01-11 03:04:02,USR99256,MCH9657,2323.48,FAILED,MISSING,True
TXN00009138,2026-03-26 08:29:38,USR12368,MCH4482,8079.3,SUCCESS,MISSING,False
TXN00016703,2026-02-16 07:22:52,USR52350,MCH4626,3727.05,SUCCESS,MISSING,False
TXN00014665,2026-03-15 19:41:03,USR84500,MCH2511,3436.21,SUCCESS,MISSING,False
TXN00015467,2026-01-14 00:43:38,USR37303,MCH8101,22457.49,SUCCESS,MISSING,False
TXN00005348,2026-03-20 12:18:00,USR45102,MCH9177,6448.22,SUCCESS,MISSING,False
TXN00012888,2026-03-30 06:39:41,USR17540,MCH2593,7778.05,SUCCESS,MISSING,False
TXN00005203,2026-03-25 03:57:37,USR66062,MCH8130,16073.01,SUCCESS,MISSING,True
TXN00009012,2026-03-22 00:49:28,USR41381,MCH1898,9180.28,SUCCESS,MISSING,False
TXN00014726,2026-03-27 22:11:54,USR27337,MCH2843,21314.24,SUCCESS,MISSING,False
TXN00005105,2026-03-15 16:25:59,USR66599,MCH6962,7895.17,SUCCESS,MISSING,False
TXN00017939,2026-02-06 16:17:13,USR68616,MCH5916,24111.84,SUCCESS,MISSING,False
TXN00005396,2026-03-23 05:38:41,USR41813,MCH8361,9307.37,SUCCESS,MISSING,True
TXN00005331,2026-03-30 14:41:29,USR37252,MCH6968,6477.22,SUCCESS,MISSING,False
TXN00003549,2026-03-29 06:33:50,USR41939,MCH3114,7567.0,PENDING,MISSING,False
TXN00008907,2026-03-16 18:20:47,USR29770,MCH8863,15953.7,PENDING,MISSING,False
TXN00002039,2026-02-09 21:15:12,USR97648,MCH8872,5640.67,SUCCESS,MISSING,False
TXN00014460,2026-01-21 18:08:36,USR68673,MCH2623,19253.06,SUCCESS,MISSING,True
TXN00011420,2026-01-14 22:04:14,USR14567,MCH5452,13260.89,SUCCESS,MISSING,False
TXN00008953,2026-01-23 10:03:44,USR64635,MCH8086,143.05,SUCCESS,MISSING,False
TXN00016860,2026-03-04 00:00:00,USR29165,MCH4328,7122.9,SUCCESS,MISSING,False
TXN00015899,2026-03-25 21:39:16,USR37228,MCH7304,1036.25,SUCCESS,MISSING,False
TXN00019297,2026-03-31 03:05:01,USR91425,MCH1254,12448.21,SUCCESS,MISSING,True
TXN00015961,2026-02-10 14:11:00,USR82108,MCH8420,13892.13,SUCCESS,MISSING,False
TXN00012133,2026-01-09 07:47:08,USR47683,MCH3858,6861.6,SUCCESS,MISSING,True
TXN00013621,2026-01-13 02:51:59,USR59756,MCH3389,12079.0,SUCCESS,MISSING,False
TXN00006820,2026-01-13 15:04:37,USR21696,MCH3369,17748.0,SUCCESS,MISSING,False
TXN00013329,2026-02-13 20:38:06,USR54199,MCH8430,8161.36,SUCCESS,MISSING,False
TXN00013154,2026-02-07 14:19:23,USR16540,MCH7624,8772.73,SUCCESS,MISSING,False
TXN00005954,2026-03-10 20:56:51,USR36563,MCH3294,15411.11,SUCCESS,MISSING,False
TXN00012849,2026-03-20 06:41:28,USR47182,MCH1272,2107.0,SUCCESS,MISSING,False
TXN00004111,2026-03-15 22:03:57,USR38664,MCH1113,14102.35,SUCCESS,MISSING,False
TXN00013340,2026-01-06 20:13:04,USR87328,MCH5778,8920.34,SUCCESS,MISSING,False
TXN00015187,2026-02-06 13:47:41,USR81926,MCH5586,10598.02,SUCCESS,MISSING,False
TXN00017015,2026-01-19 05:16:20,USR59805,MCH1284,7294.1,SUCCESS,MISSING,False
TXN00007119,2026-01-15 19:06:21,USR18888,MCH5661,17317.39,FAILED,MISSING,False
TXN00010122,2026-02-24 23:02:09,USR76659,MCH9226,6241.9,SUCCESS,MISSING,False
TXN00007849,2026-01-23 04:35:56,USR67742,MCH8755,2970.36,SUCCESS,MISSING,True
TXN00010784,2026-03-02 06:55:16,USR67288,MCH6891,17672.06,SUCCESS,MISSING,True
TXN00019308,2026-01-26 12:57:58,USR61404,MCH7502,4023.07,SUCCESS,MISSING,False
TXN00008611,2026-02-12 04:00:09,USR31060,MCH6985,10459.11,SUCCESS,MISSING,False
TXN00018805,2026-03-02 08:16:15,USR68824,MCH1935,6341.18,SUCCESS,MISSING,False
TXN00007091,2026-01-07 12:57:59,USR30523,MCH8756,2282.48,SUCCESS,MISSING,False
TXN00011039,2026-01-21 04:10:16,USR93245,MCH5165,23104.46,SUCCESS,MISSING,False
TXN00010386,2026-01-12 17:21:26,USR10250,MCH7688,4861.88,SUCCESS,MISSING,False
TXN00012591,2026-03-22 22:59:04,USR68900,MCH5962,22038.0,SUCCESS,MISSING,False
TXN00000565,2026-01-15 09:05:00,USR37204,MCH8159,8771.18,SUCCESS,MISSING,False
TXN00007168,2026-03-02 20:07:40,USR36039,MCH4124,11462.0,SUCCESS,MISSING,False
TXN00007771,2026-02-17 19:14:10,USR95566,MCH6906,12602.18,SUCCESS,MISSING,False
TXN00003713,2026-03-07 21:36:08,USR84473,MCH6652,17659.09,SUCCESS,MISSING,False
TXN00016926,2026-01-08 22:23:45,USR26386,MCH2692,23120.4,SUCCESS,MISSING,False
TXN00000148,2026-03-04 09:57:12,USR60551,MCH6484,12571.95,SUCCESS,MISSING,False
TXN00016070,2026-02-10 00:00:00,USR81614,MCH4321,1588.56,SUCCESS,MISSING,True
TXN00003411,2026-01-27 11:45:23,USR38384,MCH3138,10285.68,SUCCESS,MISSING,False
TXN00010341,2026-01-30 20:08:52,USR89876,MCH6407,3172.35,SUCCESS,MISSING,False
TXN00003349,2026-02-09 12:09:47,USR65301,MCH6417,7852.53,SUCCESS,MISSING,False
TXN00007619,2026-01-09 10:21:30,USR31211,MCH8463,24280.79,SUCCESS,MISSING,False
TXN00016248,2026-02-08 06:32:46,USR25606,MCH8130,16817.45,SUCCESS,MISSING,False
TXN00011866,2026-01-23 21:46:32,USR42818,MCH1592,3263.56,SUCCESS,MISSING,True
TXN00009188,2026-03-02 04:09:34,USR70660,MCH5346,11.32,SUCCESS,MISSING,True
TXN00018149,2026-01-09 05:16:11,USR56027,MCH7468,15742.68,SUCCESS,MISSING,False
TXN00009821,2026-03-20 05:58:48,USR82185,MCH5174,15912.95,FAILED,MISSING,False
TXN00004471,2026-03-09 07:48:56,USR48036,MCH3290,22676.98,SUCCESS,MISSING,False
TXN00014958,2026-02-28 10:33:00,USR64358,MCH6210,20896.33,SUCCESS,MISSING,False
TXN00010880,2026-02-21 23:22:41,USR48770,MCH1148,23304.72,SUCCESS,MISSING,False
TXN00014098,2026-03-24 19:30:13,USR73349,MCH8134,24365.48,SUCCESS,MISSING,False
TXN00004203,2026-02-16 12:10:24,USR99385,MCH4487,3147.49,PENDING,MISSING,False
TXN00015362,2026-01-10 15:42:53,USR11739,MCH7799,1240.62,FAILED,MISSING,False
TXN00019667,2026-02-24 16:14:32,USR34370,MCH2842,11916.0,SUCCESS,MISSING,True
TXN00016045,2026-01-05 06:05:14,USR37853,MCH7190,9005.44,SUCCESS,MISSING,False
TXN00006744,2026-03-21 00:49:06,USR34203,MCH9122,21547.48,SUCCESS,MISSING,False
TXN00002339,2026-02-18 16:16:13,USR93505,MCH7501,3034.41,FAILED,MISSING,False
TXN00016634,2026-01-11 03:16:11,USR34454,MCH1696,2408.0,SUCCESS,MISSING,False
TXN00004557,2026-01-26 12:24:13,USR43697,MCH1622,16579.05,SUCCESS,MISSING,False
TXN00005097,2026-02-03 15:13:32,USR91087,MCH7200,21101.4,SUCCESS,MISSING,False
TXN00014898,2026-02-16 09:34:51,USR10485,MCH4363,4011.6,SUCCESS,MISSING,False
TXN00016330,2026-03-28 01:35:39,USR48609,MCH5567,23437.31,PENDING,MISSING,False
TXN00000845,2026-03-03 21:51:31,USR89775,MCH6255,3725.08,PENDING,MISSING,False
TXN00014006,2026-01-09 00:02:56,USR72952,MCH7733,22907.61,SUCCESS,MISSING,False
TXN00002185,2026-01-23 08:11:48,USR68868,MCH1907,16332.54,FAILED,MISSING,False
TXN00006850,2026-02-21 00:15:33,USR80274,MCH9447,1802.67,SUCCESS,MISSING,False
TXN00002875,2026-02-05 02:20:16,USR72094,MCH7327,19511.33,SUCCESS,MISSING,False
TXN00005466,2026-03-18 09:49:25,USR38329,MCH2553,12653.0,SUCCESS,MISSING,False
TXN00009132,2026-02-24 21:41:27,USR38837,MCH1093,18655.81,PENDING,MISSING,False
TXN00005449,2026-01-30 07:09:49,USR77993,MCH2606,13624.58,SUCCESS,MISSING,False
TXN00015445,2026-03-09 11:42:13,USR44524,MCH8003,11444.0,SUCCESS,MISSING,False
TXN00012585,2026-02-26 19:40:33,USR36216,MCH5659,5420.1,SUCCESS,MISSING,False
TXN00004549,2026-03-22 14:12:17,USR12711,MCH9558,16725.22,FAILED,MISSING,True
TXN00014814,2026-02-09 23:07:06,USR19781,MCH7800,5987.03,PENDING,MISSING,True
TXN00004025,2026-01-14 23:59:26,USR78612,MCH4782,16830.57,SUCCESS,MISSING,False
TXN00004985,2026-03-11 03:50:00,USR56777,MCH2066,13771.0,SUCCESS,MISSING,False
TXN00016403,2026-03-11 01:27:52,USR47005,MCH1400,10765.51,SUCCESS,MISSING,False
TXN00007324,2026-03-11 22:19:02,USR97854,MCH5553,17574.63,SUCCESS,MISSING,True
TXN00004196,2026-02-27 17:02:09,USR53332,MCH5662,4674.13,SUCCESS,MISSING,False
TXN00018573,2026-01-07 20:53:23,USR73713,MCH6359,3431.53,SUCCESS,MISSING,False
TXN00013065,2026-01-12 11:05:43,USR72629,MCH8049,9047.52,FAILED,MISSING,False
TXN00004864,2026-01-02 04:07:05,USR46053,MCH2484,8376.38,SUCCESS,MISSING,False
TXN00005091,2026-01-15 14:50:42,USR48666,MCH7767,921.16,SUCCESS,MISSING,False
TXN00010235,2026-02-02 08:58:15,USR15301,MCH4156,19991.47,SUCCESS,MISSING,False
TXN00001397,2026-02-09 05:47:46,USR38745,MCH5086,10777.88,SUCCESS,MISSING,True
TXN00016821,2026-01-09 02:32:49,USR15918,MCH7282,5169.0,SUCCESS,MISSING,False
TXN00009580,2026-03-31 14:14:33,USR83798,MCH6564,5535.87,SUCCESS,MISSING,False
TXN00014043,2026-03-11 12:49:58,USR64924,MCH3246,15675.07,SUCCESS,MISSING,False
TXN00016268,2026-01-02 03:28:09,USR17853,MCH7611,14509.98,SUCCESS,MISSING,False
TXN00014906,2026-03-14 23:49:04,USR81172,MCH6956,20225.09,SUCCESS,MISSING,False
TXN00018691,2026-03-13 09:11:00,USR19387,MCH6226,13767.1,SUCCESS,MISSING,False
TXN00016621,2026-03-04 07:42:50,USR51803,MCH2906,14532.89,SUCCESS,MISSING,False
TXN00006367,2026-02-12 11:56:55,USR21273,MCH8649,8925.69,SUCCESS,MISSING,False
TXN00010785,2026-02-05 17:50:31,USR52763,MCH3267,18063.61,SUCCESS,MISSING,False
TXN00006379,2026-02-08 20:39:02,USR36515,MCH1693,24196.94,PENDING,MISSING,False
TXN00013561,2026-02-21 16:36:21,USR49647,MCH9076,1606.26,SUCCESS,MISSING,False
TXN00013509,2026-01-07 07:34:33,USR34486,MCH2999,8323.04,SUCCESS,MISSING,False
TXN00012953,2026-03-17 03:55:06,USR13329,MCH7308,15399.94,FAILED,MISSING,False
TXN00004701,2026-01-02 13:56:17,USR13427,MCH5794,6256.82,SUCCESS,MISSING,False
TXN00001333,2026-03-28 08:30:19,USR97643,MCH2862,5719.0,SUCCESS,MISSING,False
TXN00002459,2026-01-13 17:21:59,USR68538,MCH5973,12227.56,SUCCESS,MISSING,False
TXN00008653,2026-03-18 08:22:15,USR10736,MCH5650,5702.18,SUCCESS,MISSING,False
TXN00002991,2026-02-10 10:43:03,USR81448,MCH3380,4489.6,SUCCESS,MISSING,False
TXN00008836,2026-03-14 06:33:21,USR29564,MCH6418,1056.59,SUCCESS,MISSING,False
TXN00011731,2026-02-15 08:52:37,USR79177,MCH1135,17757.0,SUCCESS,MISSING,False
TXN00014353,2026-03-05 18:58:25,USR81436,MCH8377,6799.65,SUCCESS,MISSING,False
TXN00016206,2026-02-12 22:21:55,USR99869,MCH2322,1899.14,FAILED,MISSING,False
TXN00000982,2026-01-02 23:29:19,USR35374,MCH7666,19275.1,SUCCESS,MISSING,False
TXN00003484,2026-03-09 00:29:35,USR93208,MCH9726,23033.47,FAILED,MISSING,False
TXN00010432,2026-01-21 00:23:17,USR82371,MCH1250,2082.35,SUCCESS,MISSING,False
TXN00018431,2026-01-16 17:41:45,USR38551,MCH4663,23519.26,SUCCESS,MISSING,False
TXN00013286,2026-02-15 03:07:02,USR20193,MCH1883,23922.64,FAILED,MISSING,False
TXN00019640,2026-02-16 22:17:09,USR97977,MCH7247,5688.25,SUCCESS,MISSING,False
TXN00004771,2026-01-11 00:28:37,USR23614,MCH9657,184.49,SUCCESS,MISSING,True
TXN00018936,2026-03-24 00:49:54,USR23872,MCH6177,19026.73,SUCCESS,MISSING,False
TXN00016106,2026-01-27 08:37:38,USR12503,MCH8058,8214.52,SUCCESS,MISSING,False
TXN00002743,2026-02-11 19:23:14,USR60536,MCH6585,4904.0,SUCCESS,MISSING,False
TXN00019700,2026-02-09 23:42:00,USR87434,MCH2229,15017.94,SUCCESS,MISSING,False
TXN00016402,2026-03-30 01:25:38,USR89234,MCH8360,19895.24,SUCCESS,MISSING,False
TXN00012958,2026-01-11 17:20:53,USR39958,MCH2830,22329.54,SUCCESS,MISSING,True
TXN00019174,2026-02-12 00:00:00,USR10288,MCH8939,11412.83,PENDING,MISSING,False
TXN00011942,2026-01-23 20:39:45,USR47599,MCH4904,3232.14,PENDING,MISSING,False
TXN00019537,2026-03-23 09:01:43,USR49065,MCH5972,12047.82,SUCCESS,MISSING,True
TXN00019267,2026-03-23 10:31:20,USR69680,MCH5270,815.69,SUCCESS,MISSING,False
TXN00009698,2026-01-07 18:11:51,USR89621,MCH8709,18590.13,SUCCESS,MISSING,False
TXN00008773,2026-02-26 14:29:59,USR81760,MCH3904,13910.35,SUCCESS,MISSING,False
TXN00015076,2026-03-09 03:58:29,USR32096,MCH9364,13079.0,SUCCESS,MISSING,False
TXN00007979,2026-01-17 00:00:00,USR15938,MCH5557,18295.0,SUCCESS,MISSING,False
TXN00002823,2026-01-03 12:22:56,USR18273,MCH5388,15862.75,SUCCESS,MISSING,False
TXN00000495,2026-03-01 09:18:44,USR46016,MCH9009,11597.82,SUCCESS,MISSING,False
TXN00007082,2026-03-24 15:52:37,USR25793,MCH6579,19130.01,FAILED,MISSING,False
TXN00005157,2026-02-08 03:38:45,USR63191,MCH2395,4609.28,SUCCESS,MISSING,False
TXN00005380,2026-01-31 21:00:13,USR28546,MCH6073,5964.86,SUCCESS,MISSING,False
TXN00009673,2026-02-03 00:00:00,USR53961,MCH2105,9704.92,SUCCESS,MISSING,False
TXN00019945,2026-01-21 18:25:17,USR10508,MCH1785,10901.63,SUCCESS,MISSING,False
TXN00012655,2026-01-23 12:50:22,USR47873,MCH3301,7273.35,SUCCESS,MISSING,True
TXN00003082,2026-02-18 01:11:13,USR95381,MCH4297,22076.02,SUCCESS,MISSING,False
TXN00008620,2026-03-24 11:25:39,USR43436,MCH7833,4035.89,SUCCESS,MISSING,False
TXN00014481,2026-01-05 06:23:06,USR10572,MCH1301,2022.11,SUCCESS,MISSING,False
TXN00006037,2026-03-12 12:59:02,USR19853,MCH7671,17844.37,SUCCESS,MISSING,True
TXN00006579,2026-03-12 00:00:00,USR33192,MCH1525,9268.58,SUCCESS,MISSING,False
TXN00013712,2026-01-31 06:14:11,USR25734,MCH6944,3792.02,SUCCESS,MISSING,False
TXN00007572,2026-01-07 05:19:05,USR37150,MCH4132,13562.08,SUCCESS,MISSING,False
TXN00010368,2026-03-07 20:46:53,USR80679,MCH4898,9162.66,SUCCESS,MISSING,False
TXN00007306,2026-01-08 11:37:42,USR97553,MCH4241,22844.05,FAILED,MISSING,True
TXN00004059,2026-03-23 10:15:12,USR42046,MCH4509,22249.0,SUCCESS,MISSING,False
TXN00013392,2026-02-03 04:03:18,USR58859,MCH4432,8265.64,SUCCESS,MISSING,False
TXN00000309,2026-01-07 21:06:34,USR33351,MCH7478,19882.0,SUCCESS,MISSING,False
TXN00000477,2026-02-22 04:46:44,USR95576,MCH8560,1854.18,SUCCESS,MISSING,False
TXN00009094,2026-01-20 14:32:08,USR62045,MCH4939,17557.09,FAILED,MISSING,False
TXN00015754,2026-03-28 15:39:41,USR11830,MCH6055,9610.16,SUCCESS,MISSING,False
TXN00005647,2026-03-04 07:39:25,USR34039,MCH9490,674.94,FAILED,MISSING,False
TXN00012621,2026-03-26 05:44:03,USR72502,MCH9607,18388.0,SUCCESS,MISSING,False
TXN00010160,2026-01-18 06:36:20,USR34246,MCH4392,20849.58,SUCCESS,MISSING,False
TXN00012270,2026-01-28 14:02:21,USR30267,MCH3377,2990.06,SUCCESS,MISSING,False
TXN00018482,2026-02-12 14:39:36,USR62398,MCH5659,24767.48,SUCCESS,MISSING,False
TXN00019086,2026-03-17 09:15:20,USR54087,MCH3663,15891.0,SUCCESS,MISSING,False
TXN00013572,2026-01-03 11:07:15,USR13510,MCH3059,754.22,SUCCESS,MISSING,False
TXN00012483,2026-03-10 09:19:15,USR57402,MCH1142,5501.56,SUCCESS,MISSING,False
TXN00012504,2026-02-28 15:32:42,USR48863,MCH6195,16376.08,SUCCESS,MISSING,False
TXN00009129,2026-01-17 14:11:27,USR69350,MCH7534,17748.02,SUCCESS,MISSING,False
TXN00003435,2026-03-04 00:20:20,USR25423,MCH4435,17687.85,SUCCESS,MISSING,False
TXN00008779,2026-01-17 12:52:24,USR72861,MCH1063,19324.12,FAILED,MISSING,False
TXN00011782,2026-01-03 16:33:19,USR60394,MCH3441,14044.79,SUCCESS,MISSING,False
TXN00015094,2026-03-05 11:44:35,USR71426,MCH7058,10009.64,SUCCESS,MISSING,True
TXN00005645,2026-01-26 17:30:18,USR76725,MCH5322,14912.7,SUCCESS,MISSING,False
TXN00016714,2026-03-27 22:40:28,USR49515,MCH6069,22904.61,SUCCESS,MISSING,True
TXN00019876,2026-03-19 08:52:31,USR50032,MCH2363,4323.96,PENDING,MISSING,True
TXN00019127,2026-03-26 09:59:09,USR51880,MCH6710,23231.93,SUCCESS,MISSING,False
TXN00007908,2026-01-26 00:31:08,USR50117,MCH1509,19903.75,SUCCESS,MISSING,False
TXN00010319,2026-03-31 18:58:37,USR50060,MCH6509,17642.84,SUCCESS,MISSING,False
TXN00002448,2026-02-22 09:45:25,USR51064,MCH6361,4873.65,SUCCESS,MISSING,False
TXN00008747,2026-03-20 02:06:36,USR37713,MCH5718,3747.24,SUCCESS,MISSING,False
TXN00016093,2026-03-26 11:50:34,USR27144,MCH8410,17256.38,SUCCESS,MISSING,False
TXN00019853,2026-01-30 16:26:59,USR50279,MCH4096,1624.47,FAILED,MISSING,False
TXN00003360,2026-01-28 17:03:57,USR49817,MCH1069,16491.17,PENDING,MISSING,False
TXN00006622,2026-02-26 19:25:48,USR38478,MCH1047,10165.1,SUCCESS,MISSING,False
TXN00010703,2026-03-09 18:35:09,USR72895,MCH6596,4152.07,SUCCESS,MISSING,False
TXN00010743,2026-02-22 09:26:16,USR28581,MCH6641,5732.39,SUCCESS,MISSING,False
TXN00018847,2026-02-22 16:49:34,USR56189,MCH1350,19399.67,SUCCESS,MISSING,False
TXN00019096,2026-01-28 20:29:27,USR56078,MCH1325,6631.87,SUCCESS,MISSING,False
TXN00004412,2026-03-26 15:51:32,USR52412,MCH4698,114.64,SUCCESS,MISSING,False
TXN00013196,2026-03-29 01:50:42,USR38624,MCH2953,21251.0,PENDING,MISSING,True
TXN00001286,2026-03-08 00:00:00,USR59811,MCH3567,12947.61,FAILED,MISSING,False
TXN00008433,2026-02-05 01:01:07,USR40614,MCH7102,1610.45,SUCCESS,MISSING,False
TXN00005249,2026-01-26 03:05:44,USR13387,MCH1116,11427.63,SUCCESS,MISSING,False
TXN00012446,2026-01-05 00:00:00,USR22905,MCH5844,162.13,SUCCESS,MISSING,True
TXN00003286,2026-03-19 05:25:43,USR24664,MCH3559,1902.0,SUCCESS,MISSING,False
TXN00017661,2026-01-08 13:47:31,USR10342,MCH8398,12275.27,PENDING,MISSING,False
TXN00001519,2026-02-15 22:06:52,USR80707,MCH9146,6094.62,SUCCESS,MISSING,False
TXN00006896,2026-02-01 03:50:14,USR88145,MCH6335,22406.94,SUCCESS,MISSING,False
TXN00019882,2026-02-02 01:19:44,USR88333,MCH3923,19133.0,SUCCESS,MISSING,False
TXN00019204,2026-02-27 02:19:39,USR66971,MCH4731,1096.28,SUCCESS,MISSING,False
TXN00011913,2026-03-18 14:02:36,USR50838,MCH3198,5086.82,SUCCESS,MISSING,False
TXN00007250,2026-03-18 20:14:11,USR29215,MCH8157,20312.22,SUCCESS,MISSING,False
TXN00009554,2026-01-06 05:21:46,USR60099,MCH5148,15941.1,PENDING,MISSING,False
TXN00002095,2026-03-31 11:20:17,USR99660,MCH8825,7185.58,FAILED,MISSING,False
TXN00010468,2026-02-19 06:39:20,USR92463,MCH3685,9019.72,SUCCESS,MISSING,False
TXN00014194,2026-02-07 23:20:28,USR88684,MCH7292,20335.0,SUCCESS,MISSING,False
TXN00019317,2026-03-20 00:37:10,USR20036,MCH5129,150.78,SUCCESS,MISSING,False
TXN00003309,2026-02-12 22:48:39,USR61485,MCH9844,9245.66,SUCCESS,MISSING,False
TXN00014719,2026-02-07 06:52:19,USR47704,MCH5961,4758.01,SUCCESS,MISSING,False
TXN00007716,2026-03-07 00:00:00,USR56971,MCH5054,23853.75,SUCCESS,MISSING,False
TXN00010868,2026-03-16 17:38:48,USR50272,MCH7591,18840.06,SUCCESS,MISSING,False
TXN00001137,2026-01-30 17:30:42,USR61944,MCH1910,21281.66,PENDING,MISSING,False
TXN00013417,2026-03-16 00:40:22,USR63988,MCH4392,1950.87,SUCCESS,MISSING,False
TXN00010571,2026-02-25 05:05:14,USR83288,MCH9702,15753.88,SUCCESS,MISSING,False
TXN00006587,2026-03-24 17:45:24,USR83667,MCH6477,11772.82,SUCCESS,MISSING,False
TXN00004524,2026-03-17 00:09:59,USR16710,MCH9853,14927.66,FAILED,MISSING,False
TXN00009683,2026-02-25 17:57:20,USR53307,MCH4650,7832.5,SUCCESS,MISSING,False
TXN00017652,2026-03-23 02:57:15,USR80611,MCH7275,5976.07,SUCCESS,MISSING,False
TXN00010787,2026-03-07 08:55:04,USR22633,MCH6259,5507.58,SUCCESS,MISSING,False
TXN00012026,2026-03-18 22:59:25,USR32161,MCH5675,1521.0,SUCCESS,MISSING,True
TXN00012592,2026-02-08 00:48:17,USR66238,MCH4029,15971.09,SUCCESS,MISSING,False
TXN00005646,2026-01-09 20:21:51,USR82127,MCH6485,6862.58,FAILED,MISSING,False
TXN00004746,2026-01-08 13:36:37,USR16822,MCH1711,1355.22,SUCCESS,MISSING,True
TXN00005216,2026-03-21 14:56:50,USR93080,MCH9229,15209.2,SUCCESS,MISSING,False
TXN00009565,2026-03-09 00:06:27,USR40562,MCH1034,9485.23,FAILED,MISSING,False
TXN00016417,2026-03-12 00:51:07,USR55595,MCH2470,24175.73,SUCCESS,MISSING,False
TXN00019105,2026-02-25 22:12:16,USR51932,MCH6505,11495.7,SUCCESS,MISSING,False
TXN00004530,2026-02-25 14:31:13,USR82398,MCH6032,4527.82,PENDING,MISSING,False
TXN00003501,2026-03-10 03:38:25,USR62602,MCH1274,7170.12,SUCCESS,MISSING,True
TXN00005403,2026-02-17 14:47:58,USR23643,MCH9827,23953.87,SUCCESS,MISSING,False
TXN00002268,2026-03-15 00:00:00,USR67523,MCH4691,17568.82,SUCCESS,MISSING,False
TXN00012803,2026-03-16 15:58:37,USR81518,MCH2059,17409.62,SUCCESS,MISSING,False
TXN00009079,2026-03-28 19:56:07,USR85063,MCH1038,18068.07,SUCCESS,MISSING,False
TXN00004559,2026-03-25 17:04:14,USR31215,MCH8484,23294.0,SUCCESS,MISSING,False
TXN00012636,2026-02-10 12:00:02,USR19831,MCH4596,5391.11,SUCCESS,MISSING,False
TXN00011930,2026-03-25 06:27:45,USR81952,MCH8451,5975.48,SUCCESS,MISSING,False
TXN00008446,2026-02-21 00:00:00,USR68351,MCH6603,17231.0,SUCCESS,MISSING,True
TXN00016961,2026-03-30 14:30:25,USR53948,MCH9431,15201.0,SUCCESS,MISSING,True
TXN00005499,2026-02-18 04:11:41,USR63083,MCH2178,14236.93,SUCCESS,MISSING,False
TXN00011146,2026-02-05 01:34:18,USR12618,MCH5710,16772.29,SUCCESS,MISSING,False
TXN00003057,2026-02-26 02:06:30,USR10963,MCH2004,15094.89,FAILED,MISSING,False
TXN00015742,2026-03-03 06:44:51,USR87117,MCH1336,17819.4,SUCCESS,MISSING,False
TXN00012210,2026-01-28 11:15:51,USR82715,MCH9199,5822.54,SUCCESS,MISSING,True
TXN00008992,2026-03-15 13:44:50,USR87872,MCH6475,5100.9,PENDING,MISSING,False
TXN00002746,2026-01-18 12:29:38,USR28275,MCH9449,19535.23,SUCCESS,MISSING,False
TXN00019083,2026-03-31 21:04:36,USR65810,MCH2331,5393.39,SUCCESS,MISSING,False
TXN00011619,2026-01-04 15:05:46,USR98395,MCH7099,22945.89,SUCCESS,MISSING,True
TXN00013980,2026-02-26 16:43:50,USR26397,MCH6275,5013.52,FAILED,MISSING,False
TXN00016474,2026-03-10 06:19:34,USR23145,MCH7296,9455.92,SUCCESS,MISSING,False
TXN00015432,2026-01-25 02:40:02,USR68511,MCH1222,24478.01,SUCCESS,MISSING,False
TXN00010599,2026-02-09 23:19:17,USR24000,MCH5631,2285.74,SUCCESS,MISSING,False
TXN00007344,2026-03-03 00:00:00,USR82331,MCH1424,12238.18,FAILED,MISSING,False
TXN00013099,2026-03-18 02:22:08,USR93313,MCH7410,8250.0,SUCCESS,MISSING,False
TXN00010290,2026-02-18 12:20:54,USR72972,MCH6486,3600.85,SUCCESS,MISSING,False
TXN00011127,2026-02-19 18:16:18,USR86703,MCH1774,20890.03,SUCCESS,MISSING,False
TXN00017988,2026-01-15 14:03:21,USR60389,MCH6714,21287.36,SUCCESS,MISSING,False
TXN00005317,2026-03-03 05:45:51,USR96681,MCH8387,6974.57,SUCCESS,MISSING,False
TXN00002590,2026-03-12 14:34:47,USR68965,MCH8296,17851.68,PENDING,MISSING,False
TXN00014473,2026-01-22 08:51:40,USR57968,MCH8835,2176.1,SUCCESS,MISSING,False
TXN00001166,2026-01-19 14:19:22,USR85225,MCH9317,20451.0,SUCCESS,MISSING,False
TXN00010490,2026-01-05 04:27:59,USR24505,MCH4175,8052.95,SUCCESS,MISSING,False
TXN00015086,2026-02-03 07:46:26,USR79526,MCH4011,2512.58,SUCCESS,MISSING,True
TXN00005905,2026-02-03 22:59:58,USR63888,MCH8138,2487.66,SUCCESS,MISSING,False
TXN00007638,2026-03-12 12:01:32,USR13786,MCH2552,15586.63,SUCCESS,MISSING,False
TXN00005299,2026-01-29 15:38:41,USR21624,MCH3332,10714.51,SUCCESS,MISSING,False
TXN00000134,2026-01-26 23:52:53,USR44674,MCH8945,8447.0,SUCCESS,MISSING,False
TXN00006956,2026-01-15 22:16:26,USR54877,MCH1256,9002.02,SUCCESS,MISSING,False
TXN00018159,2026-01-29 05:05:35,USR13035,MCH2085,7901.48,SUCCESS,MISSING,False
TXN00011515,2026-02-23 01:43:01,USR27765,MCH5843,18503.5,SUCCESS,MISSING,False
TXN00006639,2026-02-28 07:22:25,USR65980,MCH2823,2144.21,SUCCESS,MISSING,False
TXN00002166,2026-01-20 20:20:25,USR92076,MCH8789,24478.0,FAILED,MISSING,False
TXN00014224,2026-03-08 11:47:00,USR25398,MCH2992,12959.44,SUCCESS,MISSING,False
TXN00008899,2026-03-08 20:23:45,USR42498,MCH3617,1886.59,SUCCESS,MISSING,False
TXN00019294,2026-03-22 16:27:30,USR16748,MCH2680,20730.49,SUCCESS,MISSING,False
TXN00017669,2026-02-15 10:52:10,USR61265,MCH3674,12866.02,SUCCESS,MISSING,False
TXN00019323,2026-01-08 05:14:55,USR22572,MCH2049,9896.02,SUCCESS,MISSING,False
TXN00000415,2026-02-22 15:24:23,USR43072,MCH9748,15799.61,SUCCESS,MISSING,False
TXN00006493,2026-03-04 11:02:16,USR10730,MCH2354,10276.3,SUCCESS,MISSING,False
TXN00009601,2026-01-23 11:53:11,USR85025,MCH1777,489.13,SUCCESS,MISSING,False
TXN00000880,2026-01-07 01:05:22,USR95302,MCH2905,5557.08,SUCCESS,MISSING,False
TXN00008852,2026-03-27 07:27:59,USR64778,MCH4608,11762.7,SUCCESS,MISSING,False
TXN00001196,2026-03-03 22:20:38,USR11119,MCH2750,21789.7,SUCCESS,MISSING,False
TXN00012228,2026-01-15 16:28:20,USR71165,MCH1172,2068.0,SUCCESS,MISSING,False
TXN00006892,2026-01-24 16:09:30,USR10162,MCH8198,22520.0,FAILED,MISSING,False
TXN00009352,2026-02-02 19:26:59,USR27173,MCH8207,8699.97,SUCCESS,MISSING,False
TXN00014826,2026-02-03 10:29:36,USR19598,MCH9272,3304.98,PENDING,MISSING,False
TXN00008563,2026-01-26 17:28:01,USR19261,MCH2118,16407.09,SUCCESS,MISSING,False
TXN00013616,2026-03-16 04:28:43,USR94567,MCH7484,18671.0,SUCCESS,MISSING,False
TXN00009535,2026-02-25 17:42:36,USR80092,MCH4893,10465.4,SUCCESS,MISSING,False
TXN00007246,2026-03-06 21:55:02,USR88049,MCH8082,1186.06,SUCCESS,MISSING,False
TXN00002158,2026-03-06 18:31:53,USR88479,MCH6368,8705.06,SUCCESS,MISSING,False
TXN00017303,2026-03-30 00:00:00,USR38474,MCH8340,1561.13,SUCCESS,MISSING,False
TXN00010813,2026-02-20 13:17:24,USR41041,MCH9376,2958.3,SUCCESS,MISSING,False
TXN00011671,2026-01-05 14:45:21,USR77331,MCH5103,8424.27,SUCCESS,MISSING,False
TXN00008463,2026-02-21 02:06:58,USR10085,MCH9212,6766.88,SUCCESS,MISSING,False
TXN00001634,2026-02-14 14:52:36,USR65269,MCH8636,19888.29,SUCCESS,MISSING,False
TXN00004655,2026-02-26 12:03:16,USR70749,MCH8556,9591.09,SUCCESS,MISSING,False
TXN00017824,2026-03-13 18:12:22,USR81401,MCH3791,10772.53,SUCCESS,MISSING,False
TXN00013551,2026-02-20 00:00:00,USR13959,MCH1876,8682.23,SUCCESS,MISSING,False
TXN00014955,2026-03-31 19:29:33,USR17535,MCH6522,14787.65,SUCCESS,MISSING,False
TXN00001670,2026-01-29 15:56:15,USR15518,MCH2376,20438.07,SUCCESS,MISSING,False
TXN00009420,2026-03-10 22:02:49,USR38803,MCH3991,12941.35,SUCCESS,MISSING,False
TXN00009359,2026-01-04 10:51:24,USR76631,MCH5171,21360.11,SUCCESS,MISSING,False
TXN00010903,2026-02-24 14:41:24,USR26359,MCH6140,19748.8,SUCCESS,MISSING,False
TXN00013679,2026-02-20 05:11:36,USR54417,MCH9774,11333.88,SUCCESS,MISSING,False
TXN00014229,2026-01-14 20:29:47,USR92470,MCH3656,53.1,SUCCESS,MISSING,False
TXN00014038,2026-03-10 12:15:59,USR19604,MCH4460,10231.1,SUCCESS,MISSING,False
TXN00008931,2026-01-30 10:51:08,USR77127,MCH8973,9849.04,SUCCESS,MISSING,False
TXN00019832,2026-02-15 12:08:11,USR48691,MCH7985,6785.08,SUCCESS,MISSING,False
TXN00011502,2026-02-15 00:00:00,USR62344,MCH1009,22113.57,PENDING,MISSING,False
TXN00010385,2026-01-07 03:19:03,USR82067,MCH2390,22337.15,SUCCESS,MISSING,False
TXN00012035,2026-03-08 17:54:50,USR61673,MCH1917,21922.43,SUCCESS,MISSING,True
TXN00013465,2026-03-21 06:04:19,USR98637,MCH4909,16447.88,SUCCESS,MISSING,False
TXN00003275,2026-03-16 20:57:58,USR88484,MCH7751,20904.58,SUCCESS,MISSING,False
TXN00004019,2026-01-18 09:55:34,USR78112,MCH9474,7439.21,SUCCESS,MISSING,False
TXN00016064,2026-03-11 15:29:25,USR71654,MCH2940,7045.56,SUCCESS,MISSING,False
TXN00006765,2026-03-09 06:39:29,USR55467,MCH6931,19823.07,SUCCESS,MISSING,False
TXN00005908,2026-03-23 07:52:29,USR16592,MCH3531,19451.84,SUCCESS,MISSING,True
TXN00019099,2026-01-12 10:52:33,USR80667,MCH9029,2712.66,SUCCESS,MISSING,False
TXN00015935,2026-01-09 00:00:00,USR68027,MCH1103,10164.12,SUCCESS,MISSING,False
TXN00008791,2026-01-07 11:11:02,USR72491,MCH3627,22396.34,SUCCESS,MISSING,False
TXN00007651,2026-02-09 05:17:12,USR47904,MCH3065,1815.01,SUCCESS,MISSING,False
TXN00007094,2026-01-20 04:00:58,USR67340,MCH1975,3186.29,SUCCESS,MISSING,False
TXN00019054,2026-01-31 13:34:31,USR22339,MCH5231,23588.05,SUCCESS,MISSING,False
TXN00003524,2026-01-08 13:59:33,USR64166,MCH4984,2533.0,SUCCESS,MISSING,False
TXN00007156,2026-01-08 23:00:45,USR49010,MCH2667,20570.78,SUCCESS,MISSING,False
TXN00015642,2026-03-16 19:34:40,USR29624,MCH1335,10735.98,SUCCESS,MISSING,False
TXN00012096,2026-03-25 16:27:29,USR43132,MCH1333,4670.91,SUCCESS,MISSING,False
TXN00002781,2026-02-19 19:34:37,USR66735,MCH9059,1258.98,SUCCESS,MISSING,False
TXN00003987,2026-03-24 01:45:40,USR27339,MCH7894,2393.07,SUCCESS,MISSING,False
TXN00017231,2026-01-03 10:55:46,USR98759,MCH8819,14576.32,SUCCESS,MISSING,False
TXN00016990,2026-02-14 12:45:11,USR50837,MCH9684,24178.36,SUCCESS,MISSING,False
TXN00005263,2026-03-24 06:17:41,USR81535,MCH5902,13946.64,SUCCESS,MISSING,False
TXN00005838,2026-03-04 16:15:06,USR79272,MCH9016,10279.45,SUCCESS,MISSING,False
TXN00004255,2026-03-05 22:47:45,USR64293,MCH8739,4056.46,SUCCESS,MISSING,False
TXN00006108,2026-01-29 23:13:09,USR98327,MCH1489,2057.64,SUCCESS,MISSING,False
TXN00009856,2026-02-25 22:59:53,USR13672,MCH2152,12039.75,SUCCESS,MISSING,False
TXN00006990,2026-03-02 00:51:30,USR65727,MCH1615,786.39,FAILED,MISSING,True
TXN00004942,2026-03-01 02:40:56,USR62915,MCH2528,10848.02,SUCCESS,MISSING,False
TXN00007287,2026-01-22 15:23:34,USR44013,MCH4065,13626.59,SUCCESS,MISSING,False
TXN00013470,2026-03-11 16:37:02,USR36902,MCH4929,11067.35,SUCCESS,MISSING,False
TXN00017021,2026-02-28 08:17:58,USR43797,MCH1573,7143.59,SUCCESS,MISSING,False
TXN00002630,2026-03-06 12:05:50,USR22019,MCH9125,9697.34,SUCCESS,MISSING,True
TXN00001753,2026-01-12 04:21:53,USR73627,MCH4600,312.9,SUCCESS,MISSING,False
TXN00006426,2026-01-11 23:09:48,USR83112,MCH4394,3931.0,SUCCESS,MISSING,False
TXN00019416,2026-03-06 20:29:47,USR95003,MCH4890,10569.11,SUCCESS,MISSING,False
TXN00014040,2026-01-14 09:14:56,USR55824,MCH7785,3380.52,SUCCESS,MISSING,False
TXN00018996,2026-03-11 11:51:36,USR92527,MCH1099,1507.02,SUCCESS,MISSING,True
TXN00000552,2026-01-01 22:31:55,USR98209,MCH8860,21306.02,SUCCESS,MISSING,False
TXN00017433,2026-01-12 03:09:13,USR72782,MCH7388,15000.03,SUCCESS,MISSING,False
TXN00004923,2026-03-23 00:35:15,USR40726,MCH5176,14939.76,SUCCESS,MISSING,True
TXN00002138,2026-03-06 06:25:44,USR93941,MCH3052,18290.1,SUCCESS,MISSING,False
TXN00017320,2026-02-03 16:03:52,USR59995,MCH5923,10042.26,SUCCESS,MISSING,False
TXN00007299,2026-01-01 00:00:00,USR83849,MCH9120,9109.39,FAILED,MISSING,False
TXN00009089,2026-02-14 00:00:00,USR28690,MCH7013,5654.78,SUCCESS,MISSING,False
TXN00000205,2026-01-16 08:32:03,USR34400,MCH4140,15164.66,FAILED,MISSING,False
TXN00018772,2026-01-22 19:00:10,USR69200,MCH6753,19613.69,SUCCESS,MISSING,False
TXN00010870,2026-01-05 14:15:40,USR71815,MCH1458,9221.83,SUCCESS,MISSING,False
TXN00001467,2026-02-28 04:39:03,USR43460,MCH2189,24429.58,SUCCESS,MISSING,False
TXN00008410,2026-02-21 01:15:09,USR56194,MCH2164,9505.2,SUCCESS,MISSING,True
TXN00017238,2026-03-17 11:54:55,USR13149,MCH3154,10111.85,SUCCESS,MISSING,False
TXN00019722,2026-02-18 12:39:16,USR39613,MCH5339,6956.17,SUCCESS,MISSING,True
TXN00009845,2026-02-26 02:41:39,USR49486,MCH9902,2893.84,SUCCESS,MISSING,False
TXN00010481,2026-03-08 12:44:01,USR91417,MCH1015,6295.31,SUCCESS,MISSING,False
TXN00015485,2026-01-16 20:33:42,USR37312,MCH9788,18060.39,SUCCESS,MISSING,False
TXN00008067,2026-01-09 16:40:33,USR87526,MCH8652,12033.33,SUCCESS,MISSING,True
TXN00006424,2026-03-31 08:40:57,USR77404,MCH5573,6564.24,SUCCESS,MISSING,False
TXN00018987,2026-03-30 12:49:02,USR86958,MCH8286,21510.15,SUCCESS,MISSING,False
TXN00000254,2026-02-17 04:26:23,USR31671,MCH1258,7930.0,SUCCESS,MISSING,False
TXN00014833,2026-02-08 15:20:16,USR35311,MCH9830,20261.94,FAILED,MISSING,False
TXN00014357,2026-01-14 14:49:10,USR38358,MCH6983,24581.61,SUCCESS,MISSING,False
TXN00000015,2026-01-09 10:34:55,USR91955,MCH6588,4553.81,SUCCESS,MISSING,False
TXN00014617,2026-03-03 14:10:55,USR54321,MCH5323,6307.85,SUCCESS,MISSING,False
TXN00005963,2026-01-25 00:00:00,USR55185,MCH1533,10167.5,SUCCESS,MISSING,False
TXN00001234,2026-02-10 09:45:20,USR36437,MCH3701,788.04,SUCCESS,MISSING,False
TXN00002648,2026-02-07 13:29:55,USR34387,MCH7374,12515.02,SUCCESS,MISSING,False
TXN00018351,2026-01-26 04:02:25,USR58638,MCH3187,6698.53,SUCCESS,MISSING,False
TXN00012182,2026-01-18 09:58:03,USR36559,MCH1016,22258.96,SUCCESS,MISSING,False
TXN00015226,2026-02-07 23:14:35,USR86142,MCH1264,1202.23,SUCCESS,MISSING,False
TXN00009573,2026-01-20 05:42:58,USR56133,MCH9667,1547.03,SUCCESS,MISSING,False
TXN00007642,2026-02-26 14:19:51,USR58434,MCH7698,8323.93,SUCCESS,MISSING,True
TXN00001873,2026-03-18 09:21:51,USR18474,MCH2995,12651.0,SUCCESS,MISSING,False
TXN00005523,2026-03-09 07:13:02,USR13482,MCH1451,16164.0,SUCCESS,MISSING,False
TXN00001621,2026-03-26 13:12:12,USR73871,MCH3565,11635.49,SUCCESS,MISSING,False
TXN00018927,2026-02-23 17:32:00,USR73154,MCH9272,18489.69,SUCCESS,MISSING,False
TXN00009294,2026-03-20 10:43:50,USR56404,MCH6566,14131.0,PENDING,MISSING,False
TXN00010906,2026-03-06 14:51:05,USR65218,MCH4445,10300.43,SUCCESS,MISSING,False
TXN00010654,2026-02-09 11:29:19,USR82229,MCH6336,14232.85,SUCCESS,MISSING,False
TXN00000373,2026-02-22 11:39:40,USR49708,MCH4948,2370.13,SUCCESS,MISSING,False
TXN00001938,2026-03-01 17:18:10,USR62894,MCH2133,20627.98,SUCCESS,MISSING,False
TXN00001713,2026-03-02 22:05:00,USR55095,MCH5639,19521.0,SUCCESS,MISSING,False
TXN00007912,2026-01-12 18:30:13,USR27412,MCH3229,10328.65,SUCCESS,MISSING,False
TXN00018173,2026-01-06 03:32:46,USR99624,MCH2743,4476.22,SUCCESS,MISSING,False
TXN00014982,2026-01-02 14:45:05,USR65810,MCH1993,8609.0,SUCCESS,MISSING,False
TXN00007625,2026-02-08 08:45:00,USR74229,MCH9101,12840.73,SUCCESS,MISSING,False
TXN00014305,2026-02-23 16:10:22,USR33567,MCH3077,11900.16,SUCCESS,MISSING,False
TXN00011770,2026-01-28 20:51:44,USR78300,MCH1361,563.77,SUCCESS,MISSING,False
TXN00014619,2026-01-20 19:52:01,USR28440,MCH1130,19443.29,SUCCESS,MISSING,False
TXN00015168,2026-03-10 06:01:53,USR99310,MCH2418,4907.51,SUCCESS,MISSING,False
TXN00006872,2026-01-22 05:00:51,USR28430,MCH7606,2082.0,SUCCESS,MISSING,True
TXN00014441,2026-03-12 07:04:08,USR29583,MCH3286,8071.0,SUCCESS,MISSING,False
TXN00019246,2026-01-28 22:43:23,USR88766,MCH3705,24901.71,SUCCESS,MISSING,False
TXN00011095,2026-03-06 15:41:26,USR54789,MCH2969,11768.91,SUCCESS,MISSING,False
TXN00011041,2026-02-16 01:55:43,USR55682,MCH8551,14364.97,SUCCESS,MISSING,False
TXN00007860,2026-01-20 00:51:37,USR43343,MCH6015,4925.25,SUCCESS,MISSING,False
TXN00000596,2026-03-20 17:14:06,USR61871,MCH2353,11854.3,SUCCESS,MISSING,False
TXN00012326,2026-03-05 16:59:36,USR69754,MCH7407,19753.95,SUCCESS,MISSING,False
TXN00017196,2026-03-19 18:51:57,USR28129,MCH1556,10130.88,SUCCESS,MISSING,True
TXN00018423,2026-01-25 12:21:21,USR87817,MCH2012,14939.0,SUCCESS,MISSING,True
TXN00016415,2026-02-07 22:09:46,USR66713,MCH4465,14102.47,SUCCESS,MISSING,False
TXN00017637,2026-02-17 14:01:28,USR30416,MCH1861,417.48,SUCCESS,MISSING,False
TXN00002777,2026-03-07 03:58:18,USR34896,MCH4167,1107.06,SUCCESS,MISSING,False
TXN00009112,2026-02-13 15:10:27,USR47475,MCH4007,13199.03,SUCCESS,MISSING,False
TXN00001358,2026-02-20 09:16:24,USR59418,MCH3587,10548.81,SUCCESS,MISSING,True
TXN00015063,2026-02-16 05:51:53,USR85109,MCH8900,2311.09,SUCCESS,MISSING,False
TXN00009073,2026-03-12 03:53:20,USR54991,MCH2116,10577.48,SUCCESS,MISSING,False
TXN00003718,2026-02-03 10:32:40,USR43387,MCH3349,1982.7,SUCCESS,MISSING,False
TXN00014204,2026-03-29 17:30:41,USR89285,MCH4936,20300.44,SUCCESS,MISSING,False
TXN00007927,2026-02-01 13:30:54,USR43113,MCH5039,21335.13,SUCCESS,MISSING,False
TXN00012943,2026-01-16 12:53:26,USR51746,MCH3959,468.53,SUCCESS,MISSING,False
TXN00007095,2026-03-12 10:44:43,USR61593,MCH6393,8924.51,SUCCESS,MISSING,True
TXN00004526,2026-02-18 02:09:49,USR86044,MCH7326,10747.54,SUCCESS,MISSING,False
TXN00008294,2026-01-11 10:14:26,USR70604,MCH1013,4742.13,SUCCESS,MISSING,False
TXN00006769,2026-02-07 01:09:07,USR22264,MCH3446,22033.63,SUCCESS,MISSING,False
TXN00013623,2026-01-06 21:24:38,USR43108,MCH4749,21129.23,SUCCESS,MISSING,True
TXN00000838,2026-03-25 15:25:43,USR54874,MCH1078,9066.22,SUCCESS,MISSING,False
TXN00014582,2026-03-14 20:54:37,USR34858,MCH3809,1071.35,SUCCESS,MISSING,True
TXN00006429,2026-02-12 18:52:37,USR31337,MCH2569,6714.5,SUCCESS,MISSING,False
TXN00004383,2026-03-03 03:26:52,USR73123,MCH8235,14350.91,SUCCESS,MISSING,False
TXN00015717,2026-01-05 22:37:15,USR80247,MCH6738,502.8,SUCCESS,MISSING,False
TXN00008929,2026-02-10 00:00:00,USR21024,MCH2269,3095.35,FAILED,MISSING,False
TXN00008529,2026-01-04 08:46:13,USR55640,MCH7433,17004.35,SUCCESS,MISSING,True
TXN00016757,2026-02-25 00:58:29,USR98559,MCH1291,10686.91,SUCCESS,MISSING,False
TXN00004584,2026-03-20 23:39:43,USR80070,MCH7632,19148.81,FAILED,MISSING,False
TXN00018995,2026-02-19 14:14:28,USR27774,MCH8456,21246.56,FAILED,MISSING,False
TXN00018227,2026-02-23 01:56:53,USR20593,MCH5188,18350.83,FAILED,MISSING,False
TXN00007000,2026-02-18 19:41:42,USR10358,MCH3643,15541.47,SUCCESS,MISSING,False
TXN00002540,2026-01-09 21:42:29,USR74174,MCH2571,19225.38,SUCCESS,MISSING,False
TXN00018966,2026-01-28 11:38:04,USR82726,MCH9603,4265.69,FAILED,MISSING,False
TXN00012847,2026-01-01 23:10:55,USR39654,MCH4784,23579.65,SUCCESS,MISSING,False
TXN00001390,2026-02-14 03:49:16,USR97612,MCH2106,11350.2,SUCCESS,MISSING,False
TXN00005285,2026-01-21 20:19:29,USR66975,MCH8876,11514.28,SUCCESS,MISSING,False
TXN00004550,2026-03-05 11:09:55,USR23036,MCH9672,19968.41,SUCCESS,MISSING,False
TXN00008980,2026-01-22 23:15:16,USR52016,MCH6067,8327.13,FAILED,MISSING,False
TXN00001911,2026-02-04 18:45:54,USR99302,MCH1159,7647.05,SUCCESS,MISSING,False
TXN00010066,2026-03-14 17:30:30,USR56205,MCH2132,16349.21,SUCCESS,MISSING,False
TXN00013854,2026-01-21 09:53:18,USR84605,MCH6705,2415.3,FAILED,MISSING,False
TXN00014453,2026-03-02 15:35:39,USR23441,MCH1355,11835.64,SUCCESS,MISSING,False
TXN00013121,2026-02-25 15:19:28,USR85156,MCH8326,16374.24,FAILED,MISSING,False
TXN00016156,2026-03-04 23:27:12,USR94152,MCH7122,10996.66,SUCCESS,MISSING,False
TXN00014074,2026-02-16 01:31:16,USR45511,MCH4585,23284.65,SUCCESS,MISSING,False
TXN00017361,2026-03-10 17:57:15,USR85909,MCH8351,14141.15,SUCCESS,MISSING,True
TXN00013130,2026-03-23 00:25:57,USR32313,MCH5798,5069.94,SUCCESS,MISSING,False
TXN00019588,2026-01-27 05:08:32,USR13788,MCH4283,22589.25,SUCCESS,MISSING,True
TXN00007799,2026-03-25 12:52:39,USR94549,MCH6397,5847.0,SUCCESS,MISSING,False
TXN00013163,2026-02-13 00:29:20,USR33283,MCH7501,13591.8,SUCCESS,MISSING,False
TXN00000644,2026-01-28 02:24:30,USR95603,MCH2315,8194.16,SUCCESS,MISSING,False
TXN00016751,2026-01-24 05:10:05,USR37904,MCH4951,20205.0,SUCCESS,MISSING,False
TXN00006895,2026-03-27 23:44:15,USR84562,MCH6181,12298.53,SUCCESS,MISSING,False
TXN00000832,2026-03-30 01:07:28,USR32988,MCH1933,11316.46,SUCCESS,MISSING,False
TXN00000574,2026-01-04 20:57:42,USR13875,MCH7800,15555.95,SUCCESS,MISSING,False
TXN00009809,2026-03-04 22:51:23,USR82423,MCH6318,24659.69,FAILED,MISSING,False
TXN00010890,2026-01-15 21:38:43,USR44073,MCH8154,2006.54,SUCCESS,MISSING,False
TXN00005888,2026-02-19 01:01:47,USR46601,MCH8012,22919.73,SUCCESS,MISSING,False
TXN00008088,2026-03-31 12:37:18,USR84003,MCH1303,18244.66,FAILED,MISSING,False
TXN00002992,2026-03-02 00:17:49,USR18146,MCH2018,20002.0,SUCCESS,MISSING,False
TXN00009533,2026-03-20 01:27:44,USR85599,MCH5919,9084.68,SUCCESS,MISSING,False
TXN00017542,2026-01-27 16:02:08,USR12107,MCH2497,19479.59,SUCCESS,MISSING,False
TXN00014288,2026-01-27 13:56:41,USR68168,MCH5172,21497.69,SUCCESS,MISSING,True
TXN00001263,2026-01-08 21:10:49,USR85799,MCH8864,7765.95,FAILED,MISSING,False
TXN00007574,2026-01-22 12:45:43,USR51207,MCH3993,18660.38,SUCCESS,MISSING,False
TXN00012923,2026-02-22 04:18:38,USR68738,MCH1834,10665.48,SUCCESS,MISSING,False
TXN00007747,2026-01-25 05:49:57,USR55921,MCH3262,4290.12,SUCCESS,MISSING,False
TXN00013849,2026-03-05 13:57:20,USR60309,MCH5839,13283.3,SUCCESS,MISSING,False
TXN00004493,2026-02-07 06:39:17,USR49358,MCH1182,14189.1,SUCCESS,MISSING,True
TXN00007079,2026-02-25 01:53:15,USR75034,MCH1202,13922.16,SUCCESS,MISSING,False
TXN00017758,2026-02-11 00:42:08,USR93255,MCH6869,15303.98,SUCCESS,MISSING,False
TXN00002081,2026-03-04 09:35:51,USR59422,MCH4458,688.91,FAILED,MISSING,False
TXN00015857,2026-03-23 20:28:44,USR14806,MCH7930,21274.15,PENDING,MISSING,False
TXN00007509,2026-02-24 19:46:37,USR45503,MCH9046,15171.17,SUCCESS,MISSING,False
TXN00002360,2026-03-01 04:56:58,USR65199,MCH9009,3562.01,SUCCESS,MISSING,False
TXN00019488,2026-01-27 01:13:28,USR15392,MCH1430,4477.62,SUCCESS,MISSING,True
TXN00012919,2026-03-27 12:49:11,USR94006,MCH1167,1408.58,SUCCESS,MISSING,False
TXN00012773,2026-01-17 05:14:45,USR32497,MCH7466,4471.54,SUCCESS,MISSING,False
TXN00006431,2026-01-07 03:35:01,USR53370,MCH7589,18039.01,SUCCESS,MISSING,False
TXN00002644,2026-03-26 19:00:35,USR72396,MCH5097,16107.29,SUCCESS,MISSING,False
TXN00015329,2026-02-13 05:12:02,USR87264,MCH2020,24406.02,SUCCESS,MISSING,False
TXN00001714,2026-03-04 18:04:58,USR56186,MCH9970,11500.41,SUCCESS,MISSING,False
TXN00017707,2026-01-07 15:56:28,USR87245,MCH5768,18396.15,SUCCESS,MISSING,False
TXN00003290,2026-01-12 19:59:14,USR78100,MCH3537,5094.78,SUCCESS,MISSING,True
TXN00003709,2026-03-13 09:10:06,USR42195,MCH6972,7047.58,SUCCESS,MISSING,False
TXN00010531,2026-01-23 08:05:10,USR88950,MCH9329,18712.42,SUCCESS,MISSING,False
TXN00018657,2026-01-02 10:42:58,USR13310,MCH9223,20981.0,SUCCESS,MISSING,False
TXN00004073,2026-02-13 17:51:28,USR64499,MCH2247,14860.1,SUCCESS,MISSING,False
TXN00009425,2026-02-18 06:13:14,USR17514,MCH4862,23727.5,SUCCESS,MISSING,False
TXN00012490,2026-03-07 01:49:07,USR40130,MCH1432,19825.0,SUCCESS,MISSING,False
TXN00000584,2026-02-24 08:37:23,USR13068,MCH2698,8225.5,SUCCESS,MISSING,False
TXN00010731,2026-01-18 00:24:09,USR73432,MCH2843,9110.18,SUCCESS,MISSING,True
TXN00001222,2026-03-08 15:32:48,USR79916,MCH2689,3784.94,SUCCESS,MISSING,True
TXN00006017,2026-03-08 02:16:33,USR46096,MCH7934,3320.44,SUCCESS,MISSING,False
TXN00010998,2026-02-05 01:20:31,USR88063,MCH3992,17469.44,SUCCESS,MISSING,True
TXN00014960,2026-03-26 08:55:44,USR56255,MCH7413,9715.95,SUCCESS,MISSING,False
TXN00000072,2026-03-03 00:50:12,USR68117,MCH6286,4975.9,SUCCESS,MISSING,False
TXN00006885,2026-02-13 06:28:47,USR87516,MCH8538,23580.46,SUCCESS,MISSING,False
TXN00019393,2026-03-10 00:00:00,USR63373,MCH9510,3171.88,SUCCESS,MISSING,False
TXN00018003,2026-01-04 23:25:39,USR44021,MCH4733,11803.01,SUCCESS,MISSING,False
TXN00009146,2026-01-31 01:13:47,USR56696,MCH9360,10282.07,PENDING,MISSING,False
TXN00015641,2026-02-09 11:14:53,USR52912,MCH4784,11518.12,SUCCESS,MISSING,False
TXN00002143,2026-02-10 05:07:05,USR37004,MCH6554,17758.97,SUCCESS,MISSING,False
TXN00010186,2026-01-07 20:04:21,USR87663,MCH9314,12374.91,SUCCESS,MISSING,False
TXN00000532,2026-01-05 22:22:12,USR65150,MCH4500,24992.94,SUCCESS,MISSING,False
TXN00016865,2026-01-11 14:15:56,USR46801,MCH9531,9475.0,SUCCESS,MISSING,False
TXN00002692,2026-01-05 06:04:33,USR46890,MCH9533,14882.34,PENDING,MISSING,False
TXN00017097,2026-01-10 16:19:21,USR64893,MCH4937,18679.68,SUCCESS,MISSING,False
TXN00003496,2026-02-14 04:10:37,USR21435,MCH8541,5289.0,SUCCESS,MISSING,True
TXN00000913,2026-02-17 09:39:25,USR67920,MCH6024,15607.48,SUCCESS,MISSING,False
TXN00015011,2026-02-28 22:49:03,USR80080,MCH5705,1698.2,SUCCESS,MISSING,True
TXN00011226,2026-03-21 12:02:47,USR41379,MCH6825,10595.0,SUCCESS,MISSING,False
TXN00007973,2026-02-05 06:14:07,USR78422,MCH8563,4049.33,SUCCESS,MISSING,False
TXN00001183,2026-01-18 10:07:44,USR85395,MCH7575,15819.22,SUCCESS,MISSING,False
TXN00006624,2026-03-31 17:56:24,USR95904,MCH5617,13525.27,SUCCESS,MISSING,False
TXN00010851,2026-03-23 17:47:15,USR90602,MCH5498,12529.22,SUCCESS,MISSING,False
TXN00005893,2026-03-08 03:15:04,USR19589,MCH5374,12314.25,SUCCESS,MISSING,False
TXN00000488,2026-01-28 16:04:07,USR41949,MCH2718,7031.27,SUCCESS,MISSING,False
TXN00005143,2026-01-08 06:22:03,USR84356,MCH9438,14547.22,SUCCESS,MISSING,False
TXN00004828,2026-02-28 06:07:10,USR97952,MCH9538,4197.49,SUCCESS,MISSING,False
TXN00002461,2026-02-06 13:49:15,USR54383,MCH5193,24846.27,SUCCESS,MISSING,True
TXN00004359,2026-03-20 15:52:12,USR50543,MCH9170,14294.48,SUCCESS,MISSING,False
TXN00013273,2026-03-15 00:35:55,USR34744,MCH9739,4319.57,SUCCESS,MISSING,True
TXN00003589,2026-01-18 11:23:12,USR61724,MCH7808,3158.79,FAILED,MISSING,False
TXN00000991,2026-01-22 03:53:39,USR71849,MCH1850,19987.4,SUCCESS,MISSING,False
TXN00009651,2026-02-14 18:08:57,USR33494,MCH4716,7190.39,SUCCESS,MISSING,False
TXN00016291,2026-01-01 21:53:40,USR74947,MCH5195,8015.85,SUCCESS,MISSING,False
TXN00004027,2026-03-21 16:20:52,USR31875,MCH2447,9930.83,PENDING,MISSING,False
TXN00008241,2026-02-16 17:20:46,USR46699,MCH9955,17757.23,FAILED,MISSING,False
TXN00011551,2026-03-07 12:55:16,USR22258,MCH5632,4515.45,FAILED,MISSING,False
TXN00015880,2026-01-01 18:42:31,USR51879,MCH3051,5592.05,FAILED,MISSING,False
TXN00001535,2026-02-02 05:36:13,USR65576,MCH2971,10344.59,SUCCESS,MISSING,False
TXN00003700,2026-02-20 00:00:00,USR42378,MCH6311,6644.76,SUCCESS,MISSING,False
TXN00007739,2026-03-13 09:40:26,USR66371,MCH6801,16635.0,SUCCESS,MISSING,False
TXN00007308,2026-03-04 11:24:36,USR30687,MCH8472,7446.0,FAILED,MISSING,False
TXN00016535,2026-01-15 06:16:14,USR29086,MCH1480,10239.48,SUCCESS,MISSING,False
TXN00005283,2026-01-17 18:40:11,USR15293,MCH2561,4487.31,SUCCESS,MISSING,False
TXN00004650,2026-03-27 04:17:51,USR95028,MCH7161,4229.77,SUCCESS,MISSING,False
TXN00000411,2026-01-22 03:16:47,USR16563,MCH8992,7989.65,SUCCESS,MISSING,False
TXN00004939,2026-01-12 00:00:00,USR96283,MCH8034,19056.74,SUCCESS,MISSING,False
TXN00003840,2026-01-22 00:00:00,USR80944,MCH6905,17099.82,SUCCESS,MISSING,False
TXN00014546,2026-03-15 12:30:37,USR35533,MCH1879,8847.41,PENDING,MISSING,False
TXN00011965,2026-02-15 17:43:20,USR21359,MCH5045,13707.52,SUCCESS,MISSING,False
TXN00003605,2026-02-06 11:19:03,USR30615,MCH5563,5475.56,SUCCESS,MISSING,False
TXN00008775,2026-03-06 10:07:59,USR89777,MCH7415,23693.84,SUCCESS,MISSING,True
TXN00014790,2026-02-08 14:37:51,USR11862,MCH1764,23152.77,SUCCESS,MISSING,True
TXN00001087,2026-03-14 20:44:11,USR47255,MCH5122,15339.15,PENDING,MISSING,False
TXN00015786,2026-03-30 15:41:54,USR39994,MCH3129,10917.82,SUCCESS,MISSING,True
TXN00003357,2026-03-15 09:24:01,USR60822,MCH2134,17406.94,SUCCESS,MISSING,False
TXN00001015,2026-02-08 00:00:00,USR45308,MCH6005,17642.32,SUCCESS,MISSING,False
TXN00012113,2026-03-07 17:57:50,USR97894,MCH9002,6695.12,SUCCESS,MISSING,False
TXN00018949,2026-02-13 00:00:00,USR33527,MCH6896,14529.6,SUCCESS,MISSING,False
TXN00000628,2026-02-03 22:45:47,USR47523,MCH1299,18689.3,FAILED,MISSING,False
TXN00002330,2026-02-13 15:57:19,USR69635,MCH1259,1287.87,FAILED,MISSING,False
TXN00008731,2026-03-24 19:05:04,USR56212,MCH2130,4410.47,SUCCESS,MISSING,False
TXN00012018,2026-03-22 15:29:17,USR40785,MCH7491,20919.4,SUCCESS,MISSING,False
TXN00015987,2026-01-11 19:52:49,USR76964,MCH4037,24500.21,SUCCESS,MISSING,False
TXN00010563,2026-03-03 08:42:57,USR82515,MCH4997,2284.39,SUCCESS,MISSING,False
TXN00018492,2026-02-20 05:16:21,USR36963,MCH2545,3706.3,SUCCESS,MISSING,False
TXN00015726,2026-03-07 22:19:54,USR43120,MCH8657,1283.84,SUCCESS,MISSING,False
TXN00011468,2026-01-12 20:43:24,USR33259,MCH3340,17162.44,FAILED,MISSING,False
TXN00000797,2026-03-27 23:17:00,USR89619,MCH7183,23303.64,FAILED,MISSING,True
TXN00018298,2026-02-14 12:01:59,USR74758,MCH5290,23940.53,SUCCESS,MISSING,False
TXN00001298,2026-01-12 03:26:53,USR21069,MCH1500,2623.15,SUCCESS,MISSING,False
TXN00016000,2026-02-05 02:05:16,USR86232,MCH4155,22625.37,SUCCESS,MISSING,False
TXN00005940,2026-02-16 00:43:35,USR31098,MCH1421,7039.3,SUCCESS,MISSING,True
TXN00006032,2026-03-10 17:55:12,USR75491,MCH1498,8908.12,FAILED,MISSING,False
TXN00017907,2026-03-25 23:53:37,USR34703,MCH2032,9877.08,FAILED,MISSING,False
TXN00001244,2026-03-30 04:58:07,USR67624,MCH8663,21121.13,SUCCESS,MISSING,True
TXN00011194,2026-02-10 00:01:00,USR67654,MCH7490,15544.52,SUCCESS,MISSING,False
TXN00008865,2026-01-14 07:50:26,USR67667,MCH6454,328.78,SUCCESS,MISSING,False
TXN00012926,2026-03-12 09:36:08,USR22817,MCH4453,8965.61,SUCCESS,MISSING,False
TXN00004170,2026-03-11 23:49:02,USR43442,MCH5179,2425.15,SUCCESS,MISSING,False
TXN00001915,2026-02-27 04:07:36,USR89900,MCH3565,11220.78,SUCCESS,MISSING,False
TXN00007149,2026-01-30 15:48:03,USR15543,MCH8591,11081.57,FAILED,MISSING,False
TXN00011971,2026-03-11 15:37:50,USR84422,MCH9949,2383.72,FAILED,MISSING,False
TXN00004611,2026-03-31 00:00:00,USR35450,MCH3501,8487.62,SUCCESS,MISSING,False
TXN00015844,2026-03-08 04:33:40,USR98510,MCH4668,9147.4,SUCCESS,MISSING,False
TXN00006692,2026-03-09 09:51:50,USR67690,MCH8652,5452.34,SUCCESS,MISSING,False
TXN00008511,2026-02-01 09:41:42,USR13676,MCH9328,4646.29,SUCCESS,MISSING,False
TXN00012328,2026-02-13 23:48:15,USR62220,MCH4195,2824.05,SUCCESS,MISSING,False
TXN00001858,2026-02-08 15:43:57,USR39861,MCH8561,11518.88,SUCCESS,MISSING,False
TXN00010552,2026-01-15 01:44:15,USR87367,MCH4434,10053.45,PENDING,MISSING,False
TXN00013143,2026-02-13 14:25:11,USR35454,MCH9011,9557.05,SUCCESS,MISSING,False
TXN00003133,2026-01-15 00:10:02,USR24058,MCH9977,23318.44,SUCCESS,MISSING,True
TXN00016058,2026-02-24 09:42:03,USR23273,MCH8101,24918.19,SUCCESS,MISSING,False
TXN00016317,2026-03-09 04:34:22,USR49200,MCH1228,10748.0,SUCCESS,MISSING,False
TXN00019282,2026-03-22 19:52:33,USR90123,MCH8550,24137.62,SUCCESS,MISSING,False
TXN00002391,2026-01-15 14:23:42,USR28524,MCH4407,9370.08,SUCCESS,MISSING,False
TXN00008309,2026-01-03 01:45:20,USR83632,MCH4097,10467.05,SUCCESS,MISSING,False
TXN00002189,2026-03-06 20:39:54,USR19243,MCH2209,19713.3,FAILED,MISSING,False
TXN00000921,2026-03-06 22:35:18,USR88419,MCH3455,21713.01,FAILED,MISSING,True
TXN00010622,2026-02-27 10:55:40,USR28289,MCH1273,7275.69,SUCCESS,MISSING,False
TXN00016467,2026-02-21 03:52:22,USR63982,MCH1726,12042.53,SUCCESS,MISSING,False
TXN00003798,2026-03-15 05:43:04,USR90779,MCH9230,2590.59,SUCCESS,MISSING,False
TXN00014667,2026-03-21 13:48:55,USR91570,MCH6889,3655.77,SUCCESS,MISSING,False
TXN00012164,2026-03-10 21:24:30,USR13841,MCH9154,5787.09,SUCCESS,MISSING,False
TXN00010476,2026-01-06 03:39:35,USR23166,MCH4666,10891.55,SUCCESS,MISSING,False
TXN00006815,2026-01-04 22:41:04,USR28302,MCH7334,11933.89,SUCCESS,MISSING,False
TXN00004454,2026-01-12 08:30:38,USR53583,MCH4422,20106.0,SUCCESS,MISSING,False
TXN00015683,2026-03-14 10:06:47,USR56663,MCH3846,101.13,SUCCESS,MISSING,False
TXN00005040,2026-01-27 08:04:36,USR41025,MCH6883,23065.87,SUCCESS,MISSING,False
TXN00015798,2026-02-05 09:20:11,USR81931,MCH8885,22009.9,FAILED,MISSING,True
TXN00011973,2026-03-27 03:00:06,USR65996,MCH8680,9685.01,SUCCESS,MISSING,True
TXN00014595,2026-03-06 00:00:00,USR34385,MCH1852,12123.69,SUCCESS,MISSING,False
TXN00016105,2026-02-28 22:55:16,USR82599,MCH9812,19465.6,SUCCESS,MISSING,False
TXN00009756,2026-03-24 07:08:12,USR58567,MCH9198,6745.0,SUCCESS,MISSING,False
TXN00015155,2026-01-22 06:05:01,USR77679,MCH7762,12603.19,SUCCESS,MISSING,False
TXN00015443,2026-02-26 00:40:26,USR77158,MCH9372,12862.0,SUCCESS,MISSING,False
TXN00015252,2026-03-05 13:24:27,USR18493,MCH7771,12930.2,SUCCESS,MISSING,False
TXN00000968,2026-02-22 08:56:14,USR71670,MCH4010,7435.07,SUCCESS,MISSING,False
TXN00010418,2026-01-09 15:42:50,USR20918,MCH1269,2065.01,SUCCESS,MISSING,False
TXN00013246,2026-01-30 18:52:56,USR72470,MCH1706,16859.17,SUCCESS,MISSING,True
TXN00003209,2026-03-23 16:03:41,USR13199,MCH7214,10985.87,SUCCESS,MISSING,False
TXN00000237,2026-02-01 11:20:18,USR31808,MCH1082,7026.5,SUCCESS,MISSING,False
TXN00019908,2026-02-16 03:54:41,USR17716,MCH4921,17666.95,SUCCESS,MISSING,True
TXN00005130,2026-03-10 01:05:29,USR44883,MCH2769,21302.69,SUCCESS,MISSING,False
TXN00003310,2026-03-05 16:31:32,USR38714,MCH5588,11611.32,SUCCESS,MISSING,False
TXN00017706,2026-01-19 05:57:48,USR14943,MCH5611,24309.41,SUCCESS,MISSING,True
TXN00011129,2026-02-25 20:27:41,USR38968,MCH8894,11204.08,SUCCESS,MISSING,True
TXN00011672,2026-01-29 20:48:23,USR98403,MCH6481,3620.45,FAILED,MISSING,False
TXN00006114,2026-01-14 08:05:03,USR57977,MCH1341,13625.17,SUCCESS,MISSING,True
TXN00006181,2026-03-27 03:31:24,USR76523,MCH7286,14841.48,SUCCESS,MISSING,False
TXN00003508,2026-03-06 11:27:07,USR21321,MCH3077,11630.59,SUCCESS,MISSING,False
TXN00008097,2026-01-29 10:33:32,USR40681,MCH3566,2085.0,SUCCESS,MISSING,False
TXN00009520,2026-01-02 11:33:02,USR73422,MCH8654,9893.27,SUCCESS,MISSING,False
TXN00011176,2026-01-27 08:32:42,USR15598,MCH8709,13867.27,SUCCESS,MISSING,False
TXN00014881,2026-03-30 15:22:39,USR80317,MCH2681,20472.63,FAILED,MISSING,False
TXN00014131,2026-01-04 03:03:08,USR42620,MCH2285,729.75,SUCCESS,MISSING,False
TXN00010511,2026-01-16 08:16:22,USR79974,MCH1820,3048.47,SUCCESS,MISSING,True
TXN00000103,2026-03-10 03:21:35,USR32195,MCH7619,7865.76,SUCCESS,MISSING,False
TXN00008696,2026-02-25 22:13:11,USR97954,MCH9020,15147.93,SUCCESS,MISSING,False
TXN00011228,2026-03-31 15:42:02,USR73877,MCH9740,23569.87,SUCCESS,MISSING,True
TXN00015852,2026-02-08 19:46:43,USR30106,MCH5894,16556.56,SUCCESS,MISSING,False
TXN00003747,2026-02-10 01:36:29,USR67301,MCH1421,16591.45,SUCCESS,MISSING,False
TXN00019943,2026-02-28 18:38:23,USR85095,MCH4060,24452.67,FAILED,MISSING,True
TXN00006974,2026-01-26 02:41:36,USR75062,MCH2861,10339.43,SUCCESS,MISSING,False
TXN00006567,2026-02-20 16:18:48,USR82449,MCH2341,17428.36,SUCCESS,MISSING,False
TXN00015280,2026-02-11 11:14:27,USR99816,MCH3270,24095.0,SUCCESS,MISSING,False
TXN00005680,2026-01-23 02:08:35,USR63406,MCH4883,4405.5,PENDING,MISSING,False
TXN00004694,2026-01-05 16:48:06,USR57682,MCH8057,13018.39,SUCCESS,MISSING,False
TXN00009638,2026-01-10 00:00:00,USR95206,MCH4129,472.93,SUCCESS,MISSING,False
TXN00012303,2026-01-12 20:15:34,USR14125,MCH6482,8619.1,FAILED,MISSING,False
TXN00012901,2026-03-04 12:20:51,USR41814,MCH7576,22159.0,SUCCESS,MISSING,False
TXN00010961,2026-03-01 22:55:49,USR48343,MCH2000,7883.25,FAILED,MISSING,True
TXN00010427,2026-03-18 22:03:16,USR62120,MCH3320,8097.0,PENDING,MISSING,False
TXN00014493,2026-03-18 19:46:08,USR17073,MCH1061,5483.77,SUCCESS,MISSING,False
TXN00018472,2026-02-18 15:03:56,USR14484,MCH7675,21085.59,SUCCESS,MISSING,False
TXN00009416,2026-01-30 22:20:51,USR29463,MCH4106,1781.08,SUCCESS,MISSING,True
TXN00000119,2026-03-08 19:32:00,USR47627,MCH9633,22315.0,SUCCESS,MISSING,False
TXN00019846,2026-01-28 14:12:18,USR17074,MCH6476,1113.46,FAILED,MISSING,False
TXN00003617,2026-02-22 03:54:10,USR83621,MCH9918,13924.05,SUCCESS,MISSING,False
TXN00012059,2026-03-02 00:00:00,USR20553,MCH8119,3105.78,FAILED,MISSING,False
TXN00019265,2026-01-21 01:58:45,USR82152,MCH9614,22877.24,SUCCESS,MISSING,False
TXN00011886,2026-02-22 23:40:41,USR29950,MCH4213,2786.32,SUCCESS,MISSING,False
TXN00003395,2026-01-29 23:18:15,USR22065,MCH3167,22525.01,SUCCESS,MISSING,False
TXN00005761,2026-01-15 12:41:30,USR17179,MCH8146,19055.62,SUCCESS,MISSING,True
TXN00004229,2026-03-08 04:30:20,USR42602,MCH2472,11659.88,SUCCESS,MISSING,False
TXN00008578,2026-03-13 06:57:49,USR19658,MCH7896,4328.77,SUCCESS,MISSING,True
TXN00003052,2026-03-26 00:18:45,USR31519,MCH9941,12081.16,SUCCESS,MISSING,False
TXN00013811,2026-01-12 04:24:37,USR29958,MCH6169,20146.04,SUCCESS,MISSING,True
TXN00019974,2026-03-07 01:18:15,USR90699,MCH9791,21726.3,SUCCESS,MISSING,False
TXN00016597,2026-01-09 22:13:39,USR55135,MCH2182,4514.99,SUCCESS,MISSING,False
TXN00001127,2026-02-17 15:41:47,USR98823,MCH5875,2183.8,SUCCESS,MISSING,False
TXN00001582,2026-03-08 00:00:00,USR98121,MCH9592,9778.74,SUCCESS,MISSING,True
TXN00006142,2026-01-17 08:52:47,USR40830,MCH6786,9048.04,SUCCESS,MISSING,False
TXN00004903,2026-03-04 04:33:36,USR79414,MCH4190,3089.95,SUCCESS,MISSING,True
TXN00007611,2026-01-17 10:55:25,USR67004,MCH9246,7836.0,SUCCESS,MISSING,False
TXN00019998,2026-01-10 03:17:19,USR62354,MCH9088,7599.42,SUCCESS,MISSING,False
TXN00002881,2026-01-14 11:36:23,USR56683,MCH1071,8295.8,SUCCESS,MISSING,False
TXN00008245,2026-02-04 23:51:17,USR73632,MCH1044,8330.43,PENDING,MISSING,False
TXN00005605,2026-01-28 07:59:46,USR12785,MCH9177,1004.53,SUCCESS,MISSING,False
TXN00009854,2026-03-31 23:03:05,USR61936,MCH5658,14353.3,SUCCESS,MISSING,False
TXN00001016,2026-03-11 10:06:18,USR39979,MCH2480,23131.96,SUCCESS,MISSING,False
TXN00002447,2026-03-16 20:16:05,USR21789,MCH3572,6490.78,SUCCESS,MISSING,False
TXN00014784,2026-03-16 20:29:43,USR66000,MCH3791,14505.29,SUCCESS,MISSING,False
TXN00014252,2026-03-31 05:10:57,USR34441,MCH2102,21392.14,SUCCESS,MISSING,True
TXN00014177,2026-01-28 13:20:34,USR92358,MCH3204,7991.41,SUCCESS,MISSING,False
TXN00015403,2026-01-18 11:17:05,USR50811,MCH7352,21121.31,SUCCESS,MISSING,False
TXN00008977,2026-01-14 08:25:40,USR55026,MCH4636,8225.36,SUCCESS,MISSING,False
TXN00003522,2026-03-10 07:53:38,USR34315,MCH7204,11732.99,FAILED,MISSING,False
TXN00016103,2026-02-07 21:20:28,USR65523,MCH9700,13558.83,PENDING,MISSING,False
TXN00007130,2026-03-18 06:43:14,USR12575,MCH5947,23628.61,SUCCESS,MISSING,False
